-- MySQL dump 10.13  Distrib 5.1.61, for redhat-linux-gnu (x86_64)
--
-- Host: localhost    Database: voip
-- ------------------------------------------------------
-- Server version	5.1.61

/*!40101 SET @OLD_CHARACTER_SET_CLIENT=@@CHARACTER_SET_CLIENT */;
/*!40101 SET @OLD_CHARACTER_SET_RESULTS=@@CHARACTER_SET_RESULTS */;
/*!40101 SET @OLD_COLLATION_CONNECTION=@@COLLATION_CONNECTION */;
/*!40101 SET NAMES utf8 */;
/*!40103 SET @OLD_TIME_ZONE=@@TIME_ZONE */;
/*!40103 SET TIME_ZONE='+00:00' */;
/*!40014 SET @OLD_UNIQUE_CHECKS=@@UNIQUE_CHECKS, UNIQUE_CHECKS=0 */;
/*!40014 SET @OLD_FOREIGN_KEY_CHECKS=@@FOREIGN_KEY_CHECKS, FOREIGN_KEY_CHECKS=0 */;
/*!40101 SET @OLD_SQL_MODE=@@SQL_MODE, SQL_MODE='NO_AUTO_VALUE_ON_ZERO' */;
/*!40111 SET @OLD_SQL_NOTES=@@SQL_NOTES, SQL_NOTES=0 */;

--
-- Table structure for table `active_calls`
--

DROP TABLE IF EXISTS `active_calls`;
/*!40101 SET @saved_cs_client     = @@character_set_client */;
/*!40101 SET character_set_client = utf8 */;
CREATE TABLE `active_calls` (
  `uniqueid` varchar(32) DEFAULT NULL,
  `channel_id` int(11) DEFAULT NULL,
  `sip_id` int(11) DEFAULT NULL,
  `provider_account_id` int(11) DEFAULT NULL,
  `start_time` datetime DEFAULT NULL,
  `src` varchar(25) DEFAULT NULL,
  `dst` varchar(25) DEFAULT NULL,
  `max_duration` int(11) DEFAULT NULL,
  `prefix_group_id` int(11) DEFAULT NULL
) ENGINE=InnoDB DEFAULT CHARSET=latin1;
/*!40101 SET character_set_client = @saved_cs_client */;

--
-- Dumping data for table `active_calls`
--

LOCK TABLES `active_calls` WRITE;
/*!40000 ALTER TABLE `active_calls` DISABLE KEYS */;
/*!40000 ALTER TABLE `active_calls` ENABLE KEYS */;
UNLOCK TABLES;

--
-- Table structure for table `black_lists`
--

DROP TABLE IF EXISTS `black_lists`;
/*!40101 SET @saved_cs_client     = @@character_set_client */;
/*!40101 SET character_set_client = utf8 */;
CREATE TABLE `black_lists` (
  `id` int(11) NOT NULL AUTO_INCREMENT,
  `number` varchar(255) DEFAULT NULL,
  `created_at` datetime NOT NULL,
  `updated_at` datetime NOT NULL,
  PRIMARY KEY (`id`)
) ENGINE=InnoDB AUTO_INCREMENT=3 DEFAULT CHARSET=latin1;
/*!40101 SET character_set_client = @saved_cs_client */;

--
-- Dumping data for table `black_lists`
--

LOCK TABLES `black_lists` WRITE;
/*!40000 ALTER TABLE `black_lists` DISABLE KEYS */;
INSERT INTO `black_lists` VALUES (1,'80935070663','2012-09-17 06:02:12','2012-09-17 06:02:12'),(2,'050332232','2012-11-01 23:08:14','2012-11-01 23:08:14');
/*!40000 ALTER TABLE `black_lists` ENABLE KEYS */;
UNLOCK TABLES;

--
-- Table structure for table `cdr`
--

DROP TABLE IF EXISTS `cdr`;
/*!40101 SET @saved_cs_client     = @@character_set_client */;
/*!40101 SET character_set_client = utf8 */;
CREATE TABLE `cdr` (
  `calldate` datetime NOT NULL DEFAULT '0000-00-00 00:00:00',
  `clid` varchar(80) NOT NULL DEFAULT '',
  `src` varchar(80) NOT NULL DEFAULT '',
  `dst` varchar(80) NOT NULL DEFAULT '',
  `dcontext` varchar(80) NOT NULL DEFAULT '',
  `channel` varchar(80) NOT NULL DEFAULT '',
  `dstchannel` varchar(80) NOT NULL DEFAULT '',
  `lastapp` varchar(80) NOT NULL DEFAULT '',
  `lastdata` varchar(80) NOT NULL DEFAULT '',
  `duration` int(11) NOT NULL DEFAULT '0',
  `billsec` int(11) NOT NULL DEFAULT '0',
  `disposition` varchar(45) NOT NULL DEFAULT '',
  `amaflags` int(11) NOT NULL DEFAULT '0',
  `accountcode` varchar(20) NOT NULL DEFAULT '',
  `userfield` varchar(255) NOT NULL DEFAULT '',
  `hangupcause` varchar(50) NOT NULL,
  `peerip` varchar(50) NOT NULL,
  `recvip` varchar(50) NOT NULL,
  `fromuri` varchar(50) NOT NULL,
  `uri` varchar(50) NOT NULL,
  `useragent` varchar(50) NOT NULL,
  `codec1` varchar(50) NOT NULL,
  `codec2` varchar(50) NOT NULL,
  `llp` varchar(50) NOT NULL,
  `rlp` varchar(50) NOT NULL,
  `ljitt` varchar(50) NOT NULL,
  `rjitt` varchar(50) NOT NULL,
  `uniqueid` varchar(32) NOT NULL DEFAULT '',
  `txjitter` decimal(10,5) DEFAULT NULL,
  `rxjitter` decimal(10,5) DEFAULT NULL,
  `rxploss` decimal(10,5) DEFAULT NULL,
  `txploss` decimal(10,5) DEFAULT NULL,
  `channel_id` int(11) DEFAULT NULL,
  `user_id` int(11) DEFAULT NULL,
  `prefix_group_id` int(11) DEFAULT NULL,
  KEY `calldate` (`calldate`),
  KEY `dst` (`dst`),
  KEY `accountcode` (`accountcode`)
) ENGINE=InnoDB DEFAULT CHARSET=latin1;
/*!40101 SET character_set_client = @saved_cs_client */;

--
-- Dumping data for table `cdr`
--

LOCK TABLES `cdr` WRITE;
/*!40000 ALTER TABLE `cdr` DISABLE KEYS */;
INSERT INTO `cdr` VALUES ('2012-09-04 22:10:46','','gatewaeeeee','0506426558','default','SIP/yura-00000008','SIP/213.231.10.5:7074-00000009','Dial','SIP/0506426558@213.231.10.5:7074',13,0,'NO ANSWER',3,'','','','','','','','','','','','','','','1346785846.8',NULL,NULL,NULL,NULL,NULL,3,2),('2012-09-04 22:12:31','','gatewaeeeee','0506426558','default','SIP/yura-0000000a','SIP/213.231.10.5:7074-0000000b','Dial','SIP/0506426558@213.231.10.5:7074',12,0,'NO ANSWER',3,'','','0','212.178.28.17','212.178.28.17','sip:gatewaeeeee@asteriska.co.cc','sip:gatewaeeeee@212.178.28.17','Twinkle/1.4.2','ulaw','ulaw','','','','','1346785951.10',NULL,NULL,NULL,NULL,NULL,3,2),('2012-09-04 22:20:40','','gatewaeeeee','0506426558','default','SIP/yura-0000000c','SIP/213.231.10.5:7074-0000000d','Dial','SIP/0506426558@213.231.10.5:7074',5,0,'NO ANSWER',3,'','','0','212.178.28.17','212.178.28.17','sip:gatewaeeeee@asteriska.co.cc','sip:gatewaeeeee@212.178.28.17','Twinkle/1.4.2','ulaw','ulaw','0.000000','0.000000','0.001230','0.000000','1346786440.12',NULL,NULL,NULL,NULL,NULL,3,2),('2012-09-04 22:21:00','','gatewaeeeee','0506426558','default','SIP/yura-0000000e','SIP/213.231.10.5:7074-0000000f','AGI','HANGUP',15,0,'FAILED',3,'','','19','212.178.28.17','212.178.28.17','sip:gatewaeeeee@asteriska.co.cc','sip:gatewaeeeee@212.178.28.17','Twinkle/1.4.2','ulaw','ulaw','0.000000','12312.000000','0.005199','159558592.000000','1346786460.14',NULL,NULL,NULL,NULL,NULL,3,2),('2012-09-04 22:27:13','','gatewaeeeee','0506426558','default','SIP/yura-00000010','SIP/213.231.10.5:7074-00000011','Dial','SIP/0506426558@213.231.10.5:7074',5,0,'NO ANSWER',3,'','','0','212.178.28.17','212.178.28.17','sip:gatewaeeeee@asteriska.co.cc','sip:gatewaeeeee@212.178.28.17','Twinkle/1.4.2','ulaw','ulaw','0.000000','0.000000','0.001277','0.000000','1346786833.16','0.00068','0.00000','0.00000','0.00000',NULL,3,2),('2012-09-04 22:27:59','','gatewaeeeee','0506426558','default','SIP/yura-00000012','SIP/213.231.10.5:7074-00000013','AGI','HANGUP',14,0,'FAILED',3,'','','19','212.178.28.17','212.178.28.17','sip:gatewaeeeee@asteriska.co.cc','sip:gatewaeeeee@212.178.28.17','Twinkle/1.4.2','ulaw','ulaw','0.000000','25572.000000','0.003600','161659552.000000','1346786879.18','0.00356','2466.00000','0.00000','25572.00000',NULL,3,2),('2012-09-05 09:41:42','','gatewaeeeee','0506426558','default','SIP/yura-00000000','SIP/213.231.6.161:7074-00000001','Dial','SIP/0506426558@213.231.6.161:7074',21,0,'NO ANSWER',3,'','','0','212.178.28.76','212.178.28.76','sip:gatewaeeeee@asteriska.co.cc','sip:gatewaeeeee@212.178.28.76','Twinkle/1.4.2','ulaw','ulaw','0.000000','57499.000000','0.006721','161103808.000000','1346827302.0','0.00531','2438.00000','0.00000','57499.00000',5,3,2),('2012-09-05 11:31:01','','ruslan','0506426558','default','SIP/asteriska.co.cc-00000003','SIP/213.231.6.161:7074-00000004','Dial','SIP/0506426558@213.231.6.161:7074',90,75,'ANSWERED',3,'','','16','192.168.4.164','85.238.97.154','sip:ruslan@asteriska.co.cc;transport=UDP','sip:ruslan@192.168.4.164:51460','Zoiper Communicator 2.04.10164 rev.10204','ulaw','ulaw','0.000000','0.000000','0.007838','0.000000','1346833861.3','0.00691','0.00000','3.00000','0.00000',5,3,2),('2012-09-09 00:35:34','','gatewaeeeee','0506426558','default','SIP/gw-00000007','SIP/178.137.159.239:5060-00000008','AGI','HANGUP',1,0,'NO ANSWER',3,'1','','1','212.178.23.2','212.178.23.2','sip:gatewaeeeee@asteriska.co.cc','sip:gatewaeeeee@212.178.23.2','Twinkle/1.4.2','gsm','gsm','0.000000','0.000000','0.000000','0.000000','1347140134.7','0.00000','0.00000','0.00000','0.00000',8,3,2),('2012-09-09 00:40:29','','gatewaeeeee','0506426558','default','SIP/gw-00000000','SIP/178.137.159.239:5060-00000001','AGI','HANGUP',1,0,'NO ANSWER',3,'1','','1','212.178.23.2','212.178.23.2','sip:gatewaeeeee@asteriska.co.cc','sip:gatewaeeeee@212.178.23.2','Twinkle/1.4.2','gsm','gsm','0.000000','0.000000','0.000000','0.000000','1347140429.0','0.00000','0.00000','0.00000','0.00000',8,1,1),('2012-09-09 00:45:56','','gatewaeeeee','0506426558','default','SIP/gw-00000002','SIP/178.137.159.239:5060-00000003','AGI','HANGUP',14,0,'BUSY',3,'1','','17','212.178.23.2','212.178.23.2','sip:gatewaeeeee@asteriska.co.cc','sip:gatewaeeeee@212.178.23.2','Twinkle/1.4.2','gsm','gsm','0.000000','0.000000','0.000000','0.000000','1347140756.2','0.00000','0.00000','0.00000','0.00000',8,1,1),('2012-09-09 00:46:31','','gatewaeeeee','0506426558','default','SIP/gw-00000004','SIP/178.137.159.239:5060-00000005','Dial','SIP/+0506426558@178.137.159.239:5060',10,0,'NO ANSWER',3,'1','','0','212.178.23.2','212.178.23.2','sip:gatewaeeeee@asteriska.co.cc','sip:gatewaeeeee@212.178.23.2','Twinkle/1.4.2','gsm','gsm','0.000000','0.000000','0.000000','0.000000','1347140791.4','0.00000','0.00000','0.00000','0.00000',8,1,1),('2012-09-09 00:50:30','','gatewaeeeee','0506426558','default','SIP/gw-00000006','SIP/178.137.159.239:5060-00000007','AGI','HANGUP',1,0,'FAILED',3,'1','','34','212.178.23.2','212.178.23.2','sip:gatewaeeeee@asteriska.co.cc','sip:gatewaeeeee@212.178.23.2','Twinkle/1.4.2','gsm','gsm','0.000000','0.000000','0.000000','0.000000','1347141030.6','0.00000','0.00000','0.00000','0.00000',8,1,1),('2012-09-09 00:50:55','','gatewaeeeee','0506426558','default','SIP/gw-00000008','SIP/178.137.159.239:5060-00000009','AGI','HANGUP',13,0,'BUSY',3,'1','','17','212.178.23.2','212.178.23.2','sip:gatewaeeeee@asteriska.co.cc','sip:gatewaeeeee@212.178.23.2','Twinkle/1.4.2','gsm','gsm','0.000000','0.000000','0.000000','0.000000','1347141055.8','0.00000','0.00000','0.00000','0.00000',8,1,1),('2012-09-09 00:56:15','','gatewaeeeee','0979960243','default','SIP/gw-0000000a','SIP/178.137.159.239:5060-0000000b','AGI','HANGUP',14,0,'BUSY',3,'1','','17','212.178.23.2','212.178.23.2','sip:gatewaeeeee@asteriska.co.cc','sip:gatewaeeeee@212.178.23.2','Twinkle/1.4.2','gsm','gsm','0.000000','0.000000','0.000000','0.000000','1347141375.10','0.00000','0.00000','0.00000','0.00000',8,1,2),('2012-09-09 00:57:49','','gatewaeeeee','0979960243','default','SIP/gw-0000000d','SIP/178.137.159.239:5060-0000000e','AGI','HANGUP',1,0,'NO ANSWER',3,'1','','21','212.178.23.2','212.178.23.2','sip:gatewaeeeee@asteriska.co.cc','sip:gatewaeeeee@212.178.23.2','Twinkle/1.4.2','gsm','gsm','0.000000','0.000000','0.000000','0.000000','1347141469.13','0.00000','0.00000','0.00000','0.00000',8,1,2),('2012-09-09 00:58:21','','gatewaeeeee','0979960243','default','SIP/gw-0000000f','SIP/178.137.159.239:5060-00000010','AGI','HANGUP',1,0,'NO ANSWER',3,'1','','21','212.178.23.2','212.178.23.2','sip:gatewaeeeee@asteriska.co.cc','sip:gatewaeeeee@212.178.23.2','Twinkle/1.4.2','gsm','gsm','0.000000','0.000000','0.000000','0.000000','1347141501.15','0.00000','0.00000','0.00000','0.00000',8,1,2),('2012-09-09 01:00:01','','gatewaeeeee','0979960243','default','SIP/gw-00000013','SIP/178.137.159.239:5060-00000014','AGI','HANGUP',5,0,'FAILED',3,'1','','34','212.178.23.2','212.178.23.2','sip:gatewaeeeee@asteriska.co.cc','sip:gatewaeeeee@212.178.23.2','Twinkle/1.4.2','gsm','gsm','0.000000','0.000000','0.000000','0.000000','1347141601.19','0.00000','0.00000','0.00000','0.00000',8,1,2),('2012-09-09 01:02:25','','gatewaeeeee','0506426558','default','SIP/gw-00000015','SIP/178.137.159.239:5060-00000016','Dial','SIP/0506426558@178.137.159.239:5060',6,0,'ANSWERED',3,'1','','16','212.178.23.2','212.178.23.2','sip:gatewaeeeee@asteriska.co.cc','sip:gatewaeeeee@212.178.23.2','Twinkle/1.4.2','gsm','gsm','0.000000','0.000000','0.000000','0.000000','1347141745.21','0.00000','0.00000','0.00000','0.00000',8,1,1),('2012-09-09 01:02:51','','gatewaeeeee','0506426558','default','SIP/gw-00000017','SIP/178.137.159.239:5060-00000018','AGI','HANGUP',2,0,'FAILED',3,'1','','34','212.178.23.2','212.178.23.2','sip:gatewaeeeee@asteriska.co.cc','sip:gatewaeeeee@212.178.23.2','Twinkle/1.4.2','gsm','gsm','0.000000','0.000000','0.000000','0.000000','1347141771.23','0.00000','0.00000','0.00000','0.00000',8,1,1),('2012-09-09 01:02:58','','gatewaeeeee','0506426558','default','SIP/gw-00000019','SIP/178.137.159.239:5060-0000001a','AGI','HANGUP',2,0,'FAILED',3,'1','','34','212.178.23.2','212.178.23.2','sip:gatewaeeeee@asteriska.co.cc','sip:gatewaeeeee@212.178.23.2','Twinkle/1.4.2','gsm','gsm','0.000000','0.000000','0.000000','0.000000','1347141778.25','0.00000','0.00000','0.00000','0.00000',8,1,1),('2012-09-09 01:03:04','','gatewaeeeee','0979960243','default','SIP/gw-0000001b','SIP/178.137.159.239:5060-0000001c','Dial','SIP/0979960243@178.137.159.239:5060',5,0,'ANSWERED',3,'1','','16','212.178.23.2','212.178.23.2','sip:gatewaeeeee@asteriska.co.cc','sip:gatewaeeeee@212.178.23.2','Twinkle/1.4.2','gsm','gsm','0.000000','0.000000','0.000000','0.000000','1347141784.27','0.00000','0.00000','0.00000','0.00000',8,1,2),('2012-09-09 01:05:04','','gatewaeeeee','0979960243','default','SIP/gw-0000001d','SIP/178.137.159.239:5060-0000001e','Dial','SIP/0979960243@178.137.159.239:5060',6,0,'ANSWERED',3,'1','','16','212.178.23.2','212.178.23.2','sip:gatewaeeeee@asteriska.co.cc','sip:gatewaeeeee@212.178.23.2','Twinkle/1.4.2','gsm','gsm','0.000000','0.000000','0.000000','0.000000','1347141904.29','0.00000','0.00000','0.00000','0.00000',8,1,2),('2012-09-09 01:09:12','','gatewaeeeee','0979960243','default','SIP/gw-0000001f','SIP/178.137.159.239:5060-00000020','Dial','SIP/0979960243@178.137.159.239:5060',7,0,'ANSWERED',3,'1','','16','212.178.23.2','212.178.23.2','sip:gatewaeeeee@asteriska.co.cc','sip:gatewaeeeee@212.178.23.2','Twinkle/1.4.2','gsm','gsm','0.000000','0.000000','0.000000','0.000000','1347142152.31','0.00000','0.00000','0.00000','0.00000',8,1,2),('2012-09-09 01:11:03','','gatewaeeeee','0979960243','default','SIP/gw-00000021','SIP/178.137.159.239:5060-00000022','Dial','SIP/0979960243@178.137.159.239:5060',6,0,'ANSWERED',3,'1','','16','212.178.23.2','212.178.23.2','sip:gatewaeeeee@asteriska.co.cc','sip:gatewaeeeee@212.178.23.2','Twinkle/1.4.2','gsm','gsm','0.000000','0.000000','0.000000','0.000000','1347142263.33','0.00000','0.00000','0.00000','0.00000',8,1,2),('2012-09-09 01:14:14','','gatewaeeeee','0979960243','default','SIP/gw-00000023','SIP/178.137.159.239:5060-00000024','AGI','HANGUP',5,0,'FAILED',3,'1','','34','212.178.23.2','212.178.23.2','sip:gatewaeeeee@asteriska.co.cc','sip:gatewaeeeee@212.178.23.2','Twinkle/1.4.2','gsm','gsm','0.000000','0.000000','0.000000','0.000000','1347142454.35','0.00000','0.00000','0.00000','0.00000',8,1,2),('2012-09-09 01:14:26','','gatewaeeeee','0979960243','default','SIP/gw-00000025','SIP/178.137.159.239:5060-00000026','AGI','HANGUP',5,0,'FAILED',3,'1','','34','212.178.23.2','212.178.23.2','sip:gatewaeeeee@asteriska.co.cc','sip:gatewaeeeee@212.178.23.2','Twinkle/1.4.2','gsm','gsm','0.000000','0.000000','0.000000','0.000000','1347142466.37','0.00000','0.00000','0.00000','0.00000',8,1,2),('2012-09-09 01:14:39','','gatewaeeeee','0979960243','default','SIP/gw-00000027','SIP/178.137.159.239:5060-00000028','AGI','HANGUP',5,0,'FAILED',3,'1','','34','212.178.23.2','212.178.23.2','sip:gatewaeeeee@asteriska.co.cc','sip:gatewaeeeee@212.178.23.2','Twinkle/1.4.2','gsm','gsm','0.000000','0.000000','0.000000','0.000000','1347142479.39','0.00000','0.00000','0.00000','0.00000',8,1,2),('2012-09-09 01:15:33','','gatewaeeeee','0979960243','default','SIP/gw-00000029','SIP/178.137.159.239:5060-0000002a','Dial','SIP/0979960243@178.137.159.239:5060',5,0,'ANSWERED',3,'1','','16','212.178.23.2','212.178.23.2','sip:gatewaeeeee@asteriska.co.cc','sip:gatewaeeeee@212.178.23.2','Twinkle/1.4.2','gsm','gsm','0.000000','0.000000','0.000000','0.000000','1347142533.41','0.00000','0.00000','0.00000','0.00000',8,1,2),('2012-09-09 01:22:52','','gatewaeeeee','0979960243','default','SIP/gw-0000002b','SIP/178.137.159.239:5060-0000002c','Dial','SIP/0979960243@178.137.159.239:5060',9,2,'ANSWERED',3,'1','','16','212.178.23.2','212.178.23.2','sip:gatewaeeeee@asteriska.co.cc','sip:gatewaeeeee@212.178.23.2','Twinkle/1.4.2','gsm','gsm','0.000000','0.000000','0.004117','0.000000','1347142972.43','0.00390','0.00000','0.00000','0.00000',8,1,2),('2012-09-09 01:28:49','','gatewaeeeee','0979960243','default','SIP/gw-0000002d','SIP/178.137.159.239:5060-0000002e','Dial','SIP/0979960243@178.137.159.239:5060',47,29,'ANSWERED',3,'1','','16','212.178.23.2','212.178.23.2','sip:gatewaeeeee@asteriska.co.cc','sip:gatewaeeeee@212.178.23.2','Twinkle/1.4.2','gsm','gsm','0.000000','8934.000000','0.004384','159683712.000000','1347143329.45','0.00372','2436.00000','0.00000','8934.00000',8,1,2),('2012-09-09 01:36:00','','gatewaeeeee','0979960243','default','SIP/gw-0000002f','SIP/178.137.159.239:5060-00000030','AGI','HANGUP',1,0,'FAILED',3,'1','','34','212.178.23.2','212.178.23.2','sip:gatewaeeeee@asteriska.co.cc','sip:gatewaeeeee@212.178.23.2','Twinkle/1.4.2','gsm','gsm','0.000000','0.000000','0.000000','0.000000','1347143760.47','0.00000','0.00000','0.00000','0.00000',8,1,2),('2012-09-09 01:36:06','','gatewaeeeee','0979960243','default','SIP/gw-00000031','SIP/178.137.159.239:5060-00000032','AGI','HANGUP',1,0,'FAILED',3,'1','','34','212.178.23.2','212.178.23.2','sip:gatewaeeeee@asteriska.co.cc','sip:gatewaeeeee@212.178.23.2','Twinkle/1.4.2','gsm','gsm','0.000000','0.000000','0.000000','0.000000','1347143766.49','0.00000','0.00000','0.00000','0.00000',8,1,2),('2012-09-09 01:37:11','','gatewaeeeee','0979960243','default','SIP/gw-00000033','SIP/178.137.159.239:5060-00000034','AGI','HANGUP',1,0,'FAILED',3,'1','','34','212.178.23.2','212.178.23.2','sip:gatewaeeeee@asteriska.co.cc','sip:gatewaeeeee@212.178.23.2','Twinkle/1.4.2','gsm','gsm','0.000000','0.000000','0.000000','0.000000','1347143831.51','0.00000','0.00000','0.00000','0.00000',8,1,2),('2012-09-09 01:37:18','','gatewaeeeee','0979960243','default','SIP/gw-00000035','SIP/178.137.159.239:5060-00000036','Dial','SIP/0979960243@178.137.159.239:5060',15,0,'NO ANSWER',3,'1','','0','212.178.23.2','212.178.23.2','sip:gatewaeeeee@asteriska.co.cc','sip:gatewaeeeee@212.178.23.2','Twinkle/1.4.2','gsm','gsm','0.000000','0.000000','0.003942','0.000000','1347143838.53','0.00269','0.00000','0.00000','0.00000',8,1,2),('2012-09-09 01:45:31','','gatewaeeeee','0979960243','default','SIP/gw-00000037','SIP/178.137.159.239:5060-00000038','Dial','SIP/0979960243@178.137.159.239:5060',11,0,'NO ANSWER',3,'1','','0','212.178.23.2','212.178.23.2','sip:gatewaeeeee@asteriska.co.cc','sip:gatewaeeeee@212.178.23.2','Twinkle/1.4.2','gsm','gsm','0.000000','0.000000','0.004470','0.000000','1347144331.55','0.00357','0.00000','0.00000','0.00000',8,1,2),('2012-09-09 01:46:00','','gatewaeeeee','0979960243','default','SIP/gw-00000039','SIP/178.137.159.239:5060-0000003a','Dial','SIP/0979960243@178.137.159.239:5060',39,21,'ANSWERED',3,'1','','16','212.178.23.2','212.178.23.2','sip:gatewaeeeee@asteriska.co.cc','sip:gatewaeeeee@212.178.23.2','Twinkle/1.4.2','gsm','gsm','0.000000','10212.000000','0.004376','159564208.000000','1347144360.57','0.00371','2434.00000','0.00000','10212.00000',8,1,2),('2012-09-09 01:58:59','','gatewaeeeee','0979960243','default','SIP/gw-0000003b','SIP/178.137.159.239:5060-0000003c','Dial','SIP/0979960243@178.137.159.239:5060',20,7,'ANSWERED',3,'1','','16','212.178.23.2','212.178.23.2','sip:gatewaeeeee@asteriska.co.cc','sip:gatewaeeeee@212.178.23.2','Twinkle/1.4.2','gsm','gsm','0.000000','0.000000','0.002372','0.000000','1347145139.59','0.00106','0.00000','0.00000','0.00000',8,1,2),('2012-09-09 02:26:28','','gatewaeeeee','0979960243','default','SIP/gw-00000000','SIP/178.137.159.239:5060-00000001','Dial','SIP/0979960243@178.137.159.239:5060',58,44,'ANSWERED',3,'1','','16','212.178.23.2','212.178.23.2','sip:gatewaeeeee@asteriska.co.cc','sip:gatewaeeeee@212.178.23.2','Twinkle/1.4.2','gsm','gsm','0.000000','0.000000','0.003708','0.000000','1347146788.0','0.00257','0.00000','0.00000','0.00000',8,1,2),('2012-09-09 02:27:30','','gatewaeeeee','0979960243','default','SIP/gw-00000002','SIP/178.137.159.239:5060-00000003','Dial','SIP/0979960243@178.137.159.239:5060',10,0,'NO ANSWER',3,'1','','0','212.178.23.2','212.178.23.2','sip:gatewaeeeee@asteriska.co.cc','sip:gatewaeeeee@212.178.23.2','Twinkle/1.4.2','gsm','gsm','0.000000','0.000000','0.001819','0.000000','1347146850.2','0.00134','0.00000','0.00000','0.00000',8,1,2),('2012-09-09 02:29:23','','gatewaeeeee','0979960243','default','SIP/gw-00000004','SIP/178.137.159.239:5060-00000005','Dial','SIP/0979960243@178.137.159.239:5060',216,200,'ANSWERED',3,'1','','16','212.178.23.2','212.178.23.2','sip:gatewaeeeee@188.138.82.158','sip:gatewaeeeee@212.178.23.2','Twinkle/1.4.2','gsm','gsm','0.000000','0.000000','0.001973','0.000000','1347146963.4','0.00090','0.00000','0.00000','0.00000',8,1,2),('2012-09-09 21:39:50','','gatewaeeeee','0979960243','default','SIP/gw-00000006','SIP/178.137.159.239:5060-00000007','Dial','SIP/0979960243@178.137.159.239:5060',23,4,'ANSWERED',3,'1','','16','188.115.146.223','188.115.146.223','sip:gatewaeeeee@188.138.82.158','sip:gatewaeeeee@188.115.146.223','Twinkle/1.4.2','gsm','gsm','0.000000','42257.000000','0.003137','160428496.000000','1347215990.6','0.00314','2447.00000','0.00000','42257.00000',8,1,2),('2012-09-13 08:54:23','','gatewaeeeee','0506426558','default','SIP/gw-00000002','SIP/213.231.6.148:7074-00000003','AGI','HANGUP',19,0,'FAILED',3,'1','','19','37.203.5.14','37.203.5.14','sip:gatewaeeeee@188.138.82.158','sip:gatewaeeeee@37.203.5.14','Twinkle/1.4.2','ulaw','ulaw','0.000000','62802.000000','0.005218','168964512.000000','1347515663.2','0.00417','2429.00000','0.00000','62802.00000',5,1,1),('2012-09-13 08:56:07','','gatewaeeeee','0506426558','default','SIP/gw-00000004','SIP/213.231.6.148:7074-00000005','Dial','SIP/0506426558@213.231.6.148:7074',2,0,'NO ANSWER',3,'1','','0','37.203.5.14','37.203.5.14','sip:gatewaeeeee@188.138.82.158','sip:gatewaeeeee@37.203.5.14','Twinkle/1.4.2','ulaw','ulaw','0.000000','0.000000','0.000000','0.000000','1347515767.4','0.00000','0.00000','0.00000','0.00000',5,1,1),('2012-09-13 11:56:44','','111','0935070663','default','SIP/188.138.82.158-00000008','SIP/178.137.159.239:5070-00000009','AGI','HANGUP',1,0,'NO ANSWER',3,'','','1','85.238.97.154','85.238.97.154','sip:111@188.138.82.158;transport=UDP','sip:111@192.168.4.160:5060','Zoiper rev.11137','ulaw','ulaw','0.000000','0.000000','0.000000','0.000000','1347526604.8','0.00000','0.00000','0.00000','0.00000',8,3,3),('2012-09-13 11:58:19','','111','0935070663','default','SIP/188.138.82.158-0000000a','SIP/178.137.159.239:5070-0000000b','AGI','HANGUP',1,0,'NO ANSWER',3,'','','1','85.238.97.154','85.238.97.154','sip:111@188.138.82.158;transport=UDP','sip:111@192.168.4.160:5060','Zoiper rev.11137','ulaw','ulaw','0.000000','0.000000','0.000000','0.000000','1347526699.10','0.00000','0.00000','0.00000','0.00000',8,3,3),('2012-09-13 11:58:58','','111','0979960243','default','SIP/188.138.82.158-0000000c','SIP/178.137.159.239:5070-0000000d','AGI','HANGUP',1,0,'NO ANSWER',3,'','','1','85.238.97.154','85.238.97.154','sip:111@188.138.82.158;transport=UDP','sip:111@192.168.4.160:5060','Zoiper rev.11137','ulaw','ulaw','0.000000','0.000000','0.000000','0.000000','1347526738.12','0.00000','0.00000','0.00000','0.00000',8,3,2),('2012-09-13 11:59:15','','111','0979960243','default','SIP/188.138.82.158-0000000e','SIP/178.137.159.239:5070-0000000f','AGI','HANGUP',1,0,'NO ANSWER',3,'','','1','85.238.97.154','85.238.97.154','sip:111@188.138.82.158;transport=UDP','sip:111@192.168.4.160:5060','Zoiper rev.11137','ulaw','ulaw','0.000000','0.000000','0.000000','0.000000','1347526755.14','0.00000','0.00000','0.00000','0.00000',8,3,2),('2012-09-13 12:02:39','','111','0935070663','default','SIP/188.138.82.158-00000010','SIP/178.137.159.239:5070-00000011','AGI','HANGUP',1,0,'NO ANSWER',3,'','','1','85.238.97.154','85.238.97.154','sip:111@188.138.82.158;transport=UDP','sip:111@192.168.4.160:5060','Zoiper rev.11137','ulaw','ulaw','0.000000','0.000000','0.000000','0.000000','1347526959.16','0.00000','0.00000','0.00000','0.00000',8,3,3),('2012-09-13 12:05:57','','111','0935070663','default','SIP/188.138.82.158-00000012','SIP/178.137.159.239:5070-00000013','AGI','HANGUP',2,0,'FAILED',3,'','','34','85.238.97.154','85.238.97.154','sip:111@188.138.82.158;transport=UDP','sip:111@192.168.4.160:5060','Zoiper rev.11137','ulaw','ulaw','0.000000','0.000000','0.000000','0.000000','1347527157.18','0.00000','0.00000','0.00000','0.00000',8,3,3),('2012-09-13 12:09:59','','111','0935070663','default','SIP/188.138.82.158-00000014','SIP/178.137.159.239:5070-00000015','AGI','HANGUP',1,0,'FAILED',3,'','','34','85.238.97.154','85.238.97.154','sip:111@188.138.82.158;transport=UDP','sip:111@192.168.4.160:5060','Zoiper rev.11137','ulaw','ulaw','0.000000','0.000000','0.000000','0.000000','1347527399.20','0.00000','0.00000','0.00000','0.00000',8,3,3),('2012-09-13 12:22:21','','111','0935070663','default','SIP/188.138.82.158-00000019','SIP/178.137.159.239:5070-0000001a','AGI','HANGUP',19,0,'BUSY',3,'','','17','46.211.121.221','46.211.121.221','sip:111@188.138.82.158;transport=UDP','sip:111@46.211.121.221:23530','Zoiper rev.11137','ulaw','ulaw','0.000000','0.000000','0.000000','0.000000','1347528141.25','0.00000','0.00000','0.00000','0.00000',8,3,3),('2012-09-13 12:24:25','','111','0979960243','default','SIP/gw-0000001b','SIP/178.137.159.239:5070-0000001c','AGI','HANGUP',1,0,'NO ANSWER',3,'1','','21','46.211.121.221','46.211.121.221','sip:111@188.138.82.158;transport=UDP','sip:111@46.211.121.221:23530','Zoiper rev.11137','ulaw','ulaw','0.000000','0.000000','0.000000','0.000000','1347528265.27','0.00000','0.00000','0.00000','0.00000',8,1,2),('2012-09-13 12:24:46','','111','0979960243','default','SIP/gw-0000001d','SIP/178.137.159.239:5070-0000001e','AGI','HANGUP',2,0,'NO ANSWER',3,'1','','21','46.211.121.221','46.211.121.221','sip:111@188.138.82.158;transport=UDP','sip:111@46.211.121.221:23530','Zoiper rev.11137','ulaw','ulaw','0.000000','0.000000','0.000000','0.000000','1347528286.29','0.00000','0.00000','0.00000','0.00000',8,1,2),('2012-09-13 12:27:49','','111','0979960243','default','SIP/gw-00000020','SIP/178.137.159.239:7072-00000021','Dial','SIP/0979960243@178.137.159.239:7072',27,22,'ANSWERED',3,'1','','16','46.211.121.221','46.211.121.221','sip:111@188.138.82.158;transport=UDP','sip:111@46.211.121.221:23530','Zoiper rev.11137','ulaw','ulaw','0.000000','0.000000','0.036796','0.000000','1347528469.32','0.03680','0.00000','0.00000','0.00000',9,1,2),('2012-09-13 12:49:19','','111','0979960243','default','SIP/gw-00000022','SIP/178.137.159.239:7072-00000023','AGI','HANGUP',33,0,'NO ANSWER',3,'1','','111','46.211.121.221','46.211.121.221','sip:111@188.138.82.158;transport=UDP','sip:111@46.211.121.221:23530','Zoiper rev.11137','ulaw','ulaw','0.000000','0.000000','0.000000','0.000000','1347529759.34','0.00000','0.00000','0.00000','0.00000',9,1,2),('2012-09-13 14:40:24','','111','0979960243','default','SIP/188.138.82.158-00000024','SIP/178.137.159.239:7072-00000025','AGI','HANGUP',41,0,'FAILED',3,'','','19','178.137.159.239','178.137.159.239','sip:111@188.138.82.158;transport=UDP','sip:111@192.168.1.100:5060','Zoiper rev.11137','ulaw','ulaw','0.000000','0.000000','0.007820','0.000000','1347536424.36','0.00639','0.00000','0.00000','0.00000',9,3,2),('2012-09-13 14:47:21','','111','0979960243','default','SIP/188.138.82.158-00000027','SIP/178.137.159.239:7072-00000028','Dial','SIP/0979960243@178.137.159.239:7072',25,0,'NO ANSWER',3,'','','0','178.137.159.239','178.137.159.239','sip:111@188.138.82.158;transport=UDP','sip:111@178.137.159.239:5060','Zoiper rev.11137','ulaw','ulaw','0.000000','0.000000','0.006823','0.000000','1347536841.39','0.00622','0.00000','0.00000','0.00000',9,3,2),('2012-09-13 14:49:37','','111','0979960243','default','SIP/188.138.82.158-0000002b','SIP/178.137.159.239:7072-0000002c','Dial','SIP/0979960243@178.137.159.239:7072',17,12,'ANSWERED',3,'','','16','178.137.159.239','178.137.159.239','sip:111@188.138.82.158;transport=UDP','sip:111@178.137.159.239:5060','Zoiper rev.11137','ulaw','ulaw','0.000000','0.000000','0.007055','0.000000','1347536977.43','0.00645','0.00000','0.00000','0.00000',9,3,2),('2012-09-13 14:50:08','','111','0980642976','default','SIP/188.138.82.158-0000002d','SIP/178.137.159.239:7072-0000002e','Dial','SIP/0980642976@178.137.159.239:7072',26,16,'ANSWERED',3,'','','16','178.137.159.239','178.137.159.239','sip:111@188.138.82.158;transport=UDP','sip:111@178.137.159.239:5060','Zoiper rev.11137','ulaw','ulaw','0.000000','0.000000','0.006773','0.000000','1347537008.45','0.00603','0.00000','0.00000','0.00000',9,3,2),('2012-09-13 15:47:09','','gatewaeeeee','0980642976','default','SIP/188.138.82.158-00000030','SIP/178.137.159.239:5070-00000031','AGI','HANGUP',1,0,'NO ANSWER',3,'','','21','212.178.28.244','212.178.28.244','sip:gatewaeeeee@188.138.82.158','sip:gatewaeeeee@212.178.28.244','Twinkle/1.4.2','ulaw','ulaw','0.000000','0.000000','0.000000','0.000000','1347540429.48','0.00000','0.00000','0.00000','0.00000',8,3,2),('2012-09-13 15:49:25','','gatewaeeeee','0980642976','default','SIP/188.138.82.158-00000032','SIP/178.137.159.239:5070-00000033','AGI','HANGUP',1,0,'NO ANSWER',3,'','','21','212.178.28.244','212.178.28.244','sip:gatewaeeeee@188.138.82.158','sip:gatewaeeeee@212.178.28.244','Twinkle/1.4.2','ulaw','ulaw','0.000000','0.000000','0.000000','0.000000','1347540565.50','0.00000','0.00000','0.00000','0.00000',8,3,2),('2012-09-13 15:51:56','','gatewaeeeee','0980642976','default','SIP/188.138.82.158-00000034','SIP/178.137.159.239:5070-00000035','AGI','HANGUP',1,0,'NO ANSWER',3,'','','1','212.178.28.244','212.178.28.244','sip:gatewaeeeee@188.138.82.158','sip:gatewaeeeee@212.178.28.244','Twinkle/1.4.2','ulaw','ulaw','0.000000','0.000000','0.000000','0.000000','1347540716.52','0.00000','0.00000','0.00000','0.00000',8,3,2),('2012-09-13 15:54:22','','gatewaeeeee','0980642976','default','SIP/188.138.82.158-00000036','SIP/178.137.159.239:5070-00000037','AGI','HANGUP',2,0,'NO ANSWER',3,'','','1','212.178.28.244','212.178.28.244','sip:gatewaeeeee@188.138.82.158','sip:gatewaeeeee@212.178.28.244','Twinkle/1.4.2','ulaw','ulaw','0.000000','0.000000','0.000000','0.000000','1347540862.54','0.00000','0.00000','0.00000','0.00000',8,3,2),('2012-09-13 15:54:38','','gatewaeeeee','0980642976','default','SIP/188.138.82.158-00000038','SIP/178.137.159.239:5070-00000039','AGI','HANGUP',1,0,'NO ANSWER',3,'','','1','212.178.28.244','212.178.28.244','sip:gatewaeeeee@188.138.82.158','sip:gatewaeeeee@212.178.28.244','Twinkle/1.4.2','ulaw','ulaw','0.000000','0.000000','0.000000','0.000000','1347540878.56','0.00000','0.00000','0.00000','0.00000',8,3,2),('2012-09-13 15:55:18','','gatewaeeeee','0980642976','default','SIP/188.138.82.158-0000003a','SIP/178.137.159.239:5070-0000003b','AGI','HANGUP',1,0,'NO ANSWER',3,'','','1','212.178.28.244','212.178.28.244','sip:gatewaeeeee@188.138.82.158','sip:gatewaeeeee@212.178.28.244','Twinkle/1.4.2','ulaw','ulaw','0.000000','0.000000','0.000000','0.000000','1347540918.58','0.00000','0.00000','0.00000','0.00000',8,3,2),('2012-09-13 15:55:26','','gatewaeeeee','0980642976','default','SIP/188.138.82.158-0000003c','SIP/178.137.159.239:5070-0000003d','AGI','HANGUP',1,0,'NO ANSWER',3,'','','1','212.178.28.244','212.178.28.244','sip:gatewaeeeee@188.138.82.158','sip:gatewaeeeee@212.178.28.244','Twinkle/1.4.2','ulaw','ulaw','0.000000','0.000000','0.000000','0.000000','1347540926.60','0.00000','0.00000','0.00000','0.00000',8,3,2),('2012-09-13 15:56:49','','gatewaeeeee','0980642976','default','SIP/188.138.82.158-0000003f','SIP/178.137.159.239:5070-00000040','AGI','HANGUP',2,0,'NO ANSWER',3,'','','1','212.178.28.244','212.178.28.244','sip:gatewaeeeee@188.138.82.158','sip:gatewaeeeee@212.178.28.244','Twinkle/1.4.2','ulaw','ulaw','0.000000','0.000000','0.000000','0.000000','1347541009.63','0.00000','0.00000','0.00000','0.00000',8,3,2),('2012-09-13 15:58:42','','gatewaeeeee','0980642976','default','SIP/188.138.82.158-00000041','SIP/178.137.159.239:5070-00000042','AGI','HANGUP',2,0,'NO ANSWER',3,'','','21','212.178.28.244','212.178.28.244','sip:gatewaeeeee@188.138.82.158','sip:gatewaeeeee@212.178.28.244','Twinkle/1.4.2','ulaw','ulaw','0.000000','0.000000','0.000000','0.000000','1347541122.65','0.00000','0.00000','0.00000','0.00000',8,3,2),('2012-09-13 16:01:45','','gatewaeeeee','0980642976','default','SIP/188.138.82.158-00000043','SIP/178.137.159.239:5071-00000044','AGI','HANGUP',1,0,'FAILED',3,'','','34','212.178.28.244','212.178.28.244','sip:gatewaeeeee@188.138.82.158','sip:gatewaeeeee@212.178.28.244','Twinkle/1.4.2','ulaw','ulaw','0.000000','0.000000','0.000000','0.000000','1347541305.67','0.00000','0.00000','0.00000','0.00000',8,3,2),('2012-09-13 16:05:14','','gatewaeeeee','0980642976','default','SIP/188.138.82.158-00000045','SIP/178.137.159.239:5071-00000046','AGI','HANGUP',1,0,'FAILED',3,'','','34','212.178.28.244','212.178.28.244','sip:gatewaeeeee@188.138.82.158','sip:gatewaeeeee@212.178.28.244','Twinkle/1.4.2','ulaw','ulaw','0.000000','0.000000','0.000000','0.000000','1347541514.69','0.00000','0.00000','0.00000','0.00000',8,3,2),('2012-09-13 16:05:35','','gatewaeeeee','0980642976','default','SIP/188.138.82.158-00000047','SIP/178.137.159.239:5071-00000048','AGI','HANGUP',2,0,'NO ANSWER',3,'','','21','212.178.28.244','212.178.28.244','sip:gatewaeeeee@188.138.82.158','sip:gatewaeeeee@212.178.28.244','Twinkle/1.4.2','ulaw','ulaw','0.000000','0.000000','0.000000','0.000000','1347541535.71','0.00000','0.00000','0.00000','0.00000',8,3,2),('2012-09-13 16:06:43','','gatewaeeeee','0980642976','default','SIP/188.138.82.158-00000049','SIP/178.137.159.239:5071-0000004a','AGI','HANGUP',2,0,'NO ANSWER',3,'','','21','212.178.28.244','212.178.28.244','sip:gatewaeeeee@188.138.82.158','sip:gatewaeeeee@212.178.28.244','Twinkle/1.4.2','ulaw','ulaw','0.000000','0.000000','0.000000','0.000000','1347541603.73','0.00000','0.00000','0.00000','0.00000',8,3,2),('2012-09-13 16:06:59','','gatewaeeeee','0980642976','default','SIP/188.138.82.158-0000004b','SIP/178.137.159.239:5071-0000004c','AGI','HANGUP',2,0,'FAILED',3,'','','34','212.178.28.244','212.178.28.244','sip:gatewaeeeee@188.138.82.158','sip:gatewaeeeee@212.178.28.244','Twinkle/1.4.2','ulaw','ulaw','0.000000','0.000000','0.000000','0.000000','1347541619.75','0.00000','0.00000','0.00000','0.00000',8,3,2),('2012-09-13 16:07:18','','gatewaeeeee','0980642976','default','SIP/188.138.82.158-0000004d','SIP/178.137.159.239:5071-0000004e','Dial','SIP/090980642976@178.137.159.239:5071',12,0,'NO ANSWER',3,'','','0','212.178.28.244','212.178.28.244','sip:gatewaeeeee@188.138.82.158','sip:gatewaeeeee@212.178.28.244','Twinkle/1.4.2','ulaw','ulaw','0.000000','0.000000','0.002428','0.000000','1347541638.77','0.00097','0.00000','0.00000','0.00000',8,3,2),('2012-09-13 16:09:03','','gatewaeeeee','0980642976','default','SIP/188.138.82.158-0000004f','SIP/178.137.159.239:5071-00000050','AGI','HANGUP',2,0,'FAILED',3,'','','34','212.178.28.244','212.178.28.244','sip:gatewaeeeee@188.138.82.158','sip:gatewaeeeee@212.178.28.244','Twinkle/1.4.2','ulaw','ulaw','0.000000','0.000000','0.000000','0.000000','1347541743.79','0.00000','0.00000','0.00000','0.00000',8,3,2),('2012-09-13 16:09:26','','gatewaeeeee','0980642976','default','SIP/188.138.82.158-00000051','SIP/178.137.159.239:5071-00000052','AGI','HANGUP',5,0,'FAILED',3,'','','34','212.178.28.244','212.178.28.244','sip:gatewaeeeee@188.138.82.158','sip:gatewaeeeee@212.178.28.244','Twinkle/1.4.2','ulaw','ulaw','0.000000','0.000000','0.000000','0.000000','1347541766.81','0.00000','0.00000','0.00000','0.00000',8,3,2),('2012-09-13 16:09:35','','gatewaeeeee','0980642976','default','SIP/188.138.82.158-00000053','SIP/178.137.159.239:5071-00000054','Dial','SIP/0980642976@178.137.159.239:5071',3,0,'NO ANSWER',3,'','','0','212.178.28.244','212.178.28.244','sip:gatewaeeeee@188.138.82.158','sip:gatewaeeeee@212.178.28.244','Twinkle/1.4.2','ulaw','ulaw','0.000000','0.000000','0.000000','0.000000','1347541775.83','0.00000','0.00000','0.00000','0.00000',8,3,2),('2012-09-13 16:10:28','','gatewaeeeee','0980642976','default','SIP/188.138.82.158-00000056','SIP/178.137.159.239:5071-00000057','AGI','HANGUP',1,0,'FAILED',3,'','','34','212.178.28.244','212.178.28.244','sip:gatewaeeeee@188.138.82.158','sip:gatewaeeeee@212.178.28.244','Twinkle/1.4.2','ulaw','ulaw','0.000000','0.000000','0.000000','0.000000','1347541828.86','0.00000','0.00000','0.00000','0.00000',8,3,2),('2012-09-13 16:11:51','','gatewaeeeee','0980642976','default','SIP/188.138.82.158-00000058','SIP/178.137.159.239:5071-00000059','AGI','HANGUP',1,0,'FAILED',3,'','','34','212.178.28.244','212.178.28.244','sip:gatewaeeeee@188.138.82.158','sip:gatewaeeeee@212.178.28.244','Twinkle/1.4.2','ulaw','ulaw','0.000000','0.000000','0.000000','0.000000','1347541911.88','0.00000','0.00000','0.00000','0.00000',8,3,2),('2012-09-13 16:12:21','','gatewaeeeee','0980642976','default','SIP/188.138.82.158-0000005a','SIP/178.137.159.239:5071-0000005b','AGI','HANGUP',5,0,'FAILED',3,'','','34','212.178.28.244','212.178.28.244','sip:gatewaeeeee@188.138.82.158','sip:gatewaeeeee@212.178.28.244','Twinkle/1.4.2','ulaw','ulaw','0.000000','0.000000','0.000000','0.000000','1347541941.90','0.00000','0.00000','0.00000','0.00000',8,3,2),('2012-09-13 16:13:18','','gatewaeeeee','0980642976','default','SIP/188.138.82.158-0000005c','SIP/178.137.159.239:5071-0000005d','AGI','HANGUP',2,0,'FAILED',3,'','','34','212.178.28.244','212.178.28.244','sip:gatewaeeeee@188.138.82.158','sip:gatewaeeeee@212.178.28.244','Twinkle/1.4.2','ulaw','ulaw','0.000000','0.000000','0.000000','0.000000','1347541998.92','0.00000','0.00000','0.00000','0.00000',8,3,2),('2012-09-13 16:13:30','','gatewaeeeee','0980642976','default','SIP/188.138.82.158-0000005e','SIP/178.137.159.239:5071-0000005f','AGI','HANGUP',1,0,'NO ANSWER',3,'','','21','212.178.28.244','212.178.28.244','sip:gatewaeeeee@188.138.82.158','sip:gatewaeeeee@212.178.28.244','Twinkle/1.4.2','ulaw','ulaw','0.000000','0.000000','0.000000','0.000000','1347542010.94','0.00000','0.00000','0.00000','0.00000',8,3,2),('2012-09-13 16:13:36','','gatewaeeeee','0980642976','default','SIP/188.138.82.158-00000060','SIP/178.137.159.239:5071-00000061','AGI','HANGUP',5,0,'FAILED',3,'','','34','212.178.28.244','212.178.28.244','sip:gatewaeeeee@188.138.82.158','sip:gatewaeeeee@212.178.28.244','Twinkle/1.4.2','ulaw','ulaw','0.000000','0.000000','0.000000','0.000000','1347542016.96','0.00000','0.00000','0.00000','0.00000',8,3,2),('2012-09-13 16:13:44','','gatewaeeeee','0980642976','default','SIP/188.138.82.158-00000062','SIP/178.137.159.239:5071-00000063','AGI','HANGUP',6,0,'FAILED',3,'','','34','212.178.28.244','212.178.28.244','sip:gatewaeeeee@188.138.82.158','sip:gatewaeeeee@212.178.28.244','Twinkle/1.4.2','ulaw','ulaw','0.000000','0.000000','0.000000','0.000000','1347542024.98','0.00000','0.00000','0.00000','0.00000',8,3,2),('2012-09-13 16:14:08','','gatewaeeeee','0980642976','default','SIP/188.138.82.158-00000064','SIP/178.137.159.239:5071-00000065','AGI','HANGUP',5,0,'FAILED',3,'','','34','212.178.28.244','212.178.28.244','sip:gatewaeeeee@188.138.82.158','sip:gatewaeeeee@212.178.28.244','Twinkle/1.4.2','ulaw','ulaw','0.000000','0.000000','0.000000','0.000000','1347542048.100','0.00000','0.00000','0.00000','0.00000',8,3,2),('2012-09-13 16:14:16','','gatewaeeeee','0980642976','default','SIP/188.138.82.158-00000066','SIP/178.137.159.239:5071-00000067','AGI','HANGUP',5,0,'FAILED',3,'','','34','212.178.28.244','212.178.28.244','sip:gatewaeeeee@188.138.82.158','sip:gatewaeeeee@212.178.28.244','Twinkle/1.4.2','ulaw','ulaw','0.000000','0.000000','0.000000','0.000000','1347542056.102','0.00000','0.00000','0.00000','0.00000',8,3,2),('2012-09-13 16:14:49','','gatewaeeeee','0980642976','default','SIP/188.138.82.158-00000068','SIP/178.137.159.239:5071-00000069','AGI','HANGUP',20,0,'BUSY',3,'','','17','212.178.28.244','212.178.28.244','sip:gatewaeeeee@188.138.82.158','sip:gatewaeeeee@212.178.28.244','Twinkle/1.4.2','ulaw','ulaw','0.000000','0.000000','0.000000','0.000000','1347542089.104','0.00000','0.00000','0.00000','0.00000',8,3,2),('2012-09-13 16:15:13','','gatewaeeeee','0980642976','default','SIP/188.138.82.158-0000006a','SIP/178.137.159.239:5071-0000006b','AGI','HANGUP',20,0,'BUSY',3,'','','17','212.178.28.244','212.178.28.244','sip:gatewaeeeee@188.138.82.158','sip:gatewaeeeee@212.178.28.244','Twinkle/1.4.2','ulaw','ulaw','0.000000','0.000000','0.000000','0.000000','1347542113.106','0.00000','0.00000','0.00000','0.00000',8,3,2),('2012-09-13 16:15:54','','gatewaeeeee','0979960243','default','SIP/188.138.82.158-0000006c','SIP/178.137.159.239:5071-0000006d','AGI','HANGUP',20,0,'BUSY',3,'','','17','212.178.28.244','212.178.28.244','sip:gatewaeeeee@188.138.82.158','sip:gatewaeeeee@212.178.28.244','Twinkle/1.4.2','ulaw','ulaw','0.000000','0.000000','0.000000','0.000000','1347542154.108','0.00000','0.00000','0.00000','0.00000',8,3,2),('2012-09-13 16:16:45','','gatewaeeeee','0980642976','default','SIP/188.138.82.158-0000006e','SIP/178.137.159.239:5071-0000006f','AGI','HANGUP',19,0,'BUSY',3,'','','17','212.178.28.244','212.178.28.244','sip:gatewaeeeee@188.138.82.158','sip:gatewaeeeee@212.178.28.244','Twinkle/1.4.2','ulaw','ulaw','0.000000','0.000000','0.000000','0.000000','1347542205.110','0.00000','0.00000','0.00000','0.00000',8,3,2),('2012-09-24 17:24:03','','zoiper','460','default','SIP/zoiper-000000f5','SIP/178.137.159.239:5060-000000f6','AGI','HANGUP',1,0,'NO ANSWER',3,'','','1','178.137.159.239','178.137.159.239','sip:zoiper@188.138.82.158;transport=UDP','sip:zoiper@178.137.159.239:5060','Zoiper rev.11137','ulaw','ulaw','0.000000','0.000000','0.000000','0.000000','1348496643.245','0.00000','0.00000','0.00000','0.00000',8,NULL,6),('2012-09-24 17:24:17','','zoiper','9595','default','SIP/zoiper-000000f7','SIP/178.137.159.239:5060-000000f8','AGI','HANGUP',1,0,'NO ANSWER',3,'','','1','178.137.159.239','178.137.159.239','sip:zoiper@188.138.82.158;transport=UDP','sip:zoiper@178.137.159.239:5060','Zoiper rev.11137','ulaw','ulaw','0.000000','0.000000','0.000000','0.000000','1348496657.247','0.00000','0.00000','0.00000','0.00000',8,NULL,6),('2012-09-28 17:44:26','','gatewaeeeee','123','default','SIP/188.138.82.158-00000106','SIP/94.77.195.99-00000107','Hangup','',0,0,'NO ANSWER',3,'','','1','212.178.24.114','212.178.24.114','sip:gatewaeeeee@188.138.82.158','sip:gatewaeeeee@212.178.24.114','Twinkle/1.4.2','ulaw','ulaw','0.000000','0.000000','0.000000','0.000000','1348843466.262','0.00000','0.00000','0.00000','0.00000',NULL,NULL,NULL),('2012-09-28 17:44:40','','gatewaeeeee','123','default','SIP/188.138.82.158-00000108','SIP/94.77.195.99-00000109','Hangup','',0,0,'NO ANSWER',3,'','','1','212.178.24.114','212.178.24.114','sip:gatewaeeeee@188.138.82.158','sip:gatewaeeeee@212.178.24.114','Twinkle/1.4.2','ulaw','ulaw','0.000000','0.000000','0.000000','0.000000','1348843480.264','0.00000','0.00000','0.00000','0.00000',NULL,NULL,NULL),('2012-09-28 17:54:57','','gatewaeeeee','123','default','SIP/188.138.82.158-0000010a','SIP/203.217.19.241-0000010b','Hangup','',32,0,'NO ANSWER',3,'','','111','212.178.24.114','212.178.24.114','sip:gatewaeeeee@188.138.82.158','sip:gatewaeeeee@212.178.24.114','Twinkle/1.4.2','ulaw','ulaw','0.000000','0.000000','0.000000','0.000000','1348844097.266','0.00000','0.00000','0.00000','0.00000',NULL,NULL,NULL),('2012-09-28 17:58:18','','gatewaeeeee','123','default','SIP/188.138.82.158-0000010c','SIP/80.86.95.165-0000010d','Hangup','',0,0,'NO ANSWER',3,'','','1','212.178.24.114','212.178.24.114','sip:gatewaeeeee@188.138.82.158','sip:gatewaeeeee@212.178.24.114','Twinkle/1.4.2','ulaw','ulaw','0.000000','0.000000','0.000000','0.000000','1348844298.268','0.00000','0.00000','0.00000','0.00000',NULL,NULL,NULL),('2012-09-28 18:07:22','','gatewaeeeee','123','default','SIP/188.138.82.158-0000010e','SIP/80.86.95.165-0000010f','Hangup','',0,0,'NO ANSWER',3,'','','1','212.178.24.114','212.178.24.114','sip:gatewaeeeee@188.138.82.158','sip:gatewaeeeee@212.178.24.114','Twinkle/1.4.2','ulaw','ulaw','0.000000','0.000000','0.000000','0.000000','1348844842.270','0.00000','0.00000','0.00000','0.00000',NULL,NULL,NULL),('2012-09-28 18:07:39','','gatewaeeeee','123','default','SIP/188.138.82.158-00000110','SIP/80.86.95.165-00000111','Hangup','',0,0,'NO ANSWER',3,'','','1','212.178.24.114','212.178.24.114','sip:gatewaeeeee@188.138.82.158','sip:gatewaeeeee@212.178.24.114','Twinkle/1.4.2','ulaw','ulaw','0.000000','0.000000','0.000000','0.000000','1348844859.272','0.00000','0.00000','0.00000','0.00000',NULL,NULL,NULL),('2012-09-28 18:08:56','','78122431694','123','default','SIP/188.138.82.158-00000112','SIP/80.86.95.165-00000113','Hangup','',0,0,'NO ANSWER',3,'','','1','212.178.24.114','212.178.24.114','sip:78122431694@188.138.82.158','sip:78122431694@212.178.24.114','Twinkle/1.4.2','ulaw','ulaw','0.000000','0.000000','0.000000','0.000000','1348844936.274','0.00000','0.00000','0.00000','0.00000',NULL,NULL,NULL),('2012-09-28 18:09:05','','78122431694','123','default','SIP/188.138.82.158-00000114','SIP/80.86.95.165-00000115','Hangup','',0,0,'NO ANSWER',3,'','','1','212.178.24.114','212.178.24.114','sip:78122431694@188.138.82.158','sip:78122431694@212.178.24.114','Twinkle/1.4.2','ulaw','ulaw','0.000000','0.000000','0.000000','0.000000','1348844945.276','0.00000','0.00000','0.00000','0.00000',NULL,NULL,NULL),('2012-09-28 18:13:21','','78122431694','123','default','SIP/188.138.82.158-00000116','SIP/80.86.95.165-00000117','Hangup','',0,0,'NO ANSWER',3,'','','1','212.178.24.114','212.178.24.114','sip:78122431694@188.138.82.158','sip:78122431694@212.178.24.114','Twinkle/1.4.2','ulaw','ulaw','0.000000','0.000000','0.000000','0.000000','1348845201.278','0.00000','0.00000','0.00000','0.00000',NULL,NULL,NULL),('2012-09-28 18:13:26','','78122431694','123','default','SIP/188.138.82.158-00000118','SIP/80.86.95.165-00000119','Hangup','',0,0,'NO ANSWER',3,'','','1','212.178.24.114','212.178.24.114','sip:78122431694@188.138.82.158','sip:78122431694@212.178.24.114','Twinkle/1.4.2','ulaw','ulaw','0.000000','0.000000','0.000000','0.000000','1348845206.280','0.00000','0.00000','0.00000','0.00000',NULL,NULL,NULL),('2012-09-28 18:14:43','','78122431694','123','default','SIP/188.138.82.158-0000011a','SIP/80.86.95.165-0000011b','Hangup','',0,0,'NO ANSWER',3,'','','1','212.178.24.114','212.178.24.114','sip:78122431694@188.138.82.158','sip:78122431694@212.178.24.114','Twinkle/1.4.2','ulaw','ulaw','0.000000','0.000000','0.000000','0.000000','1348845283.282','0.00000','0.00000','0.00000','0.00000',NULL,NULL,NULL),('2012-09-28 18:15:01','','78122431694','123','default','SIP/188.138.82.158-0000011c','SIP/80.86.95.165-0000011d','Hangup','',1,0,'NO ANSWER',3,'','','1','212.178.24.114','212.178.24.114','sip:78122431694@188.138.82.158','sip:78122431694@212.178.24.114','Twinkle/1.4.2','ulaw','ulaw','0.000000','0.000000','0.000000','0.000000','1348845301.284','0.00000','0.00000','0.00000','0.00000',NULL,NULL,NULL),('2012-09-28 18:16:20','','78122431694','123','default','SIP/188.138.82.158-0000011e','SIP/80.86.95.165-0000011f','Hangup','',0,0,'NO ANSWER',3,'','','1','212.178.24.114','212.178.24.114','sip:78122431694@188.138.82.158','sip:78122431694@212.178.24.114','Twinkle/1.4.2','ulaw','ulaw','0.000000','0.000000','0.000000','0.000000','1348845380.286','0.00000','0.00000','0.00000','0.00000',NULL,NULL,NULL),('2012-09-28 18:18:22','','78122431694','123','default','SIP/188.138.82.158-00000120','SIP/80.86.95.165-00000121','Hangup','',0,0,'NO ANSWER',3,'','','1','212.178.24.114','212.178.24.114','sip:78122431694@188.138.82.158','sip:78122431694@212.178.24.114','Twinkle/1.4.2','ulaw','ulaw','0.000000','0.000000','0.000000','0.000000','1348845502.288','0.00000','0.00000','0.00000','0.00000',NULL,NULL,NULL),('2012-09-28 18:19:43','','78122431694','123','default','SIP/188.138.82.158-00000122','SIP/80.86.95.165-00000123','Hangup','',0,0,'NO ANSWER',3,'','','1','212.178.24.114','212.178.24.114','sip:78122431694@188.138.82.158','sip:78122431694@212.178.24.114','Twinkle/1.4.2','ulaw','ulaw','0.000000','0.000000','0.000000','0.000000','1348845583.290','0.00000','0.00000','0.00000','0.00000',NULL,NULL,NULL),('2012-09-28 18:20:02','','78122431694','123','default','SIP/188.138.82.158-00000124','SIP/80.86.95.165-00000125','Hangup','',0,0,'NO ANSWER',3,'','','1','212.178.24.114','212.178.24.114','sip:78122431694@188.138.82.158','sip:78122431694@212.178.24.114','Twinkle/1.4.2','ulaw','ulaw','0.000000','0.000000','0.000000','0.000000','1348845602.292','0.00000','0.00000','0.00000','0.00000',NULL,NULL,NULL),('2012-09-28 18:20:09','','78122431694','123','default','SIP/188.138.82.158-00000126','SIP/80.86.95.165-00000127','Hangup','',0,0,'NO ANSWER',3,'','','1','212.178.24.114','212.178.24.114','sip:78122431694@188.138.82.158','sip:78122431694@212.178.24.114','Twinkle/1.4.2','ulaw','ulaw','0.000000','0.000000','0.000000','0.000000','1348845609.294','0.00000','0.00000','0.00000','0.00000',NULL,NULL,NULL),('2012-09-28 18:20:38','','78122431694','123','default','SIP/188.138.82.158-00000128','SIP/80.86.95.165-00000129','Hangup','',0,0,'NO ANSWER',3,'','','1','212.178.24.114','212.178.24.114','sip:78122431694@188.138.82.158','sip:78122431694@212.178.24.114','Twinkle/1.4.2','ulaw','ulaw','0.000000','0.000000','0.000000','0.000000','1348845638.296','0.00000','0.00000','0.00000','0.00000',NULL,NULL,NULL),('2012-09-28 18:20:43','','78122431694','123','default','SIP/188.138.82.158-0000012a','SIP/80.86.95.165-0000012b','Hangup','',1,0,'NO ANSWER',3,'','','1','212.178.24.114','212.178.24.114','sip:78122431694@188.138.82.158','sip:78122431694@212.178.24.114','Twinkle/1.4.2','ulaw','ulaw','0.000000','0.000000','0.000000','0.000000','1348845643.298','0.00000','0.00000','0.00000','0.00000',NULL,NULL,NULL),('2012-09-28 18:21:19','','78122431694','123','default','SIP/188.138.82.158-0000012c','SIP/80.86.95.165-0000012d','Hangup','',0,0,'NO ANSWER',3,'','','1','212.178.24.114','212.178.24.114','sip:78122431694@188.138.82.158','sip:78122431694@212.178.24.114','Twinkle/1.4.2','ulaw','ulaw','0.000000','0.000000','0.000000','0.000000','1348845679.300','0.00000','0.00000','0.00000','0.00000',NULL,NULL,NULL),('2012-09-28 18:21:38','','78122431694','123','default','SIP/188.138.82.158-0000012e','SIP/80.86.95.165-0000012f','Hangup','',1,0,'NO ANSWER',3,'','','1','80.86.95.165','80.86.95.165','sip:78122431694@188.138.82.158','sip:78122431694@212.178.24.114','Twinkle/1.4.2','ulaw','ulaw','0.000000','0.000000','0.000000','0.000000','1348845698.302','0.00000','0.00000','0.00000','0.00000',NULL,NULL,NULL),('2012-09-28 18:21:44','','78122431694','123','default','SIP/188.138.82.158-00000130','SIP/80.86.95.165-00000131','Hangup','',1,0,'NO ANSWER',3,'','','1','80.86.95.165','80.86.95.165','sip:78122431694@188.138.82.158','sip:78122431694@212.178.24.114','Twinkle/1.4.2','ulaw','ulaw','0.000000','0.000000','0.000000','0.000000','1348845704.304','0.00000','0.00000','0.00000','0.00000',NULL,NULL,NULL),('2012-09-28 18:22:01','','781224316941','123','default','SIP/188.138.82.158-00000132','SIP/80.86.95.165-00000133','Hangup','',0,0,'NO ANSWER',3,'','','1','80.86.95.165','80.86.95.165','sip:781224316941@188.138.82.158','sip:781224316941@212.178.24.114','Twinkle/1.4.2','ulaw','ulaw','0.000000','0.000000','0.000000','0.000000','1348845721.306','0.00000','0.00000','0.00000','0.00000',NULL,NULL,NULL),('2012-09-28 18:22:28','','781224316941','123','default','SIP/188.138.82.158-00000134','SIP/80.86.95.165-00000135','Hangup','',0,0,'NO ANSWER',3,'','','1','80.86.95.165','80.86.95.165','sip:781224316941@188.138.82.158','sip:781224316941@212.178.24.114','Twinkle/1.4.2','ulaw','ulaw','0.000000','0.000000','0.000000','0.000000','1348845748.308','0.00000','0.00000','0.00000','0.00000',NULL,NULL,NULL),('2012-09-28 18:23:38','','781224316941','123','default','SIP/188.138.82.158-00000136','SIP/80.86.95.165-00000137','Hangup','',0,0,'NO ANSWER',3,'','','1','80.86.95.165','80.86.95.165','sip:781224316941@188.138.82.158','sip:781224316941@212.178.24.114','Twinkle/1.4.2','ulaw','ulaw','0.000000','0.000000','0.000000','0.000000','1348845818.310','0.00000','0.00000','0.00000','0.00000',NULL,NULL,NULL),('2012-09-28 18:23:47','','78122431694','123','default','SIP/188.138.82.158-00000138','SIP/80.86.95.165-00000139','Hangup','',0,0,'NO ANSWER',3,'','','1','80.86.95.165','80.86.95.165','sip:78122431694@188.138.82.158','sip:78122431694@212.178.24.114','Twinkle/1.4.2','ulaw','ulaw','0.000000','0.000000','0.000000','0.000000','1348845827.312','0.00000','0.00000','0.00000','0.00000',NULL,NULL,NULL),('2012-09-28 18:23:53','','78122431694','123','default','SIP/188.138.82.158-0000013a','SIP/80.86.95.165-0000013b','Hangup','',0,0,'NO ANSWER',3,'','','1','80.86.95.165','80.86.95.165','sip:78122431694@188.138.82.158','sip:78122431694@212.178.24.114','Twinkle/1.4.2','ulaw','ulaw','0.000000','0.000000','0.000000','0.000000','1348845833.314','0.00000','0.00000','0.00000','0.00000',NULL,NULL,NULL),('2012-10-05 19:19:50','','112233','0982223232','default','SIP/188.138.82.158-000001df','SIP/195.138.68.114:5060-000001e0','AGI','HANGUP',1,0,'NO ANSWER',3,'','','1','212.178.25.71','212.178.25.71','sip:112233@188.138.82.158','sip:112233@212.178.25.71','Twinkle/1.4.2','ulaw','ulaw','0.000000','0.000000','0.000000','0.000000','1349453990.479','0.00000','0.00000','0.00000','0.00000',4,NULL,2),('2012-10-05 19:25:14','','112233','0982223232','default','SIP/188.138.82.158-000001e1','SIP/195.138.68.114:5060-000001e2','Dial','SIP/0982223232@195.138.68.114:5060',15,0,'NO ANSWER',3,'','','0','212.178.25.71','212.178.25.71','sip:112233@188.138.82.158','sip:112233@212.178.25.71','Twinkle/1.4.2','ulaw','ulaw','0.000000','0.000000','0.000000','0.000000','1349454314.481','0.00000','0.00000','0.00000','0.00000',4,NULL,2),('2012-10-05 19:25:42','','112233','0982223232','default','SIP/188.138.82.158-000001e3','SIP/195.138.68.114:5060-000001e4','AGI','HANGUP',2,0,'BUSY',3,'','','21','212.178.25.71','212.178.25.71','sip:112233@188.138.82.158','sip:112233@212.178.25.71','Twinkle/1.4.2','ulaw','ulaw','0.000000','0.000000','0.000000','0.000000','1349454342.483','0.00000','0.00000','0.00000','0.00000',4,NULL,2),('2012-10-05 19:25:57','','112233','0982223232','default','SIP/188.138.82.158-000001e5','SIP/195.138.68.114:5060-000001e6','AGI','HANGUP',2,0,'BUSY',3,'','','21','212.178.25.71','212.178.25.71','sip:112233@188.138.82.158','sip:112233@212.178.25.71','Twinkle/1.4.2','ulaw','ulaw','0.000000','0.000000','0.000000','0.000000','1349454357.485','0.00000','0.00000','0.00000','0.00000',4,NULL,2),('2012-10-05 19:26:20','','112233','0982223232','default','SIP/188.138.82.158-000001e7','SIP/195.138.68.114:5060-000001e8','AGI','HANGUP',2,0,'BUSY',3,'','','21','212.178.25.71','212.178.25.71','sip:112233@188.138.82.158','sip:112233@212.178.25.71','Twinkle/1.4.2','ulaw','ulaw','0.000000','0.000000','0.000000','0.000000','1349454380.487','0.00000','0.00000','0.00000','0.00000',4,NULL,2),('2012-10-05 19:28:36','','112233','0982223232','default','SIP/188.138.82.158-000001e9','SIP/195.138.68.114:5060-000001ea','AGI','HANGUP',2,0,'BUSY',3,'','','21','212.178.25.71','212.178.25.71','sip:112233@188.138.82.158','sip:112233@212.178.25.71','Twinkle/1.4.2','ulaw','ulaw','0.000000','0.000000','0.000000','0.000000','1349454516.490','0.00000','0.00000','0.00000','0.00000',4,NULL,2),('2012-10-05 19:28:44','','112233','0982223232','default','SIP/188.138.82.158-000001eb','SIP/195.138.68.114:5060-000001ec','AGI','HANGUP',4,0,'BUSY',3,'','','21','212.178.25.71','212.178.25.71','sip:112233@188.138.82.158','sip:112233@212.178.25.71','Twinkle/1.4.2','ulaw','ulaw','0.000000','0.000000','0.000000','0.000000','1349454524.492','0.00000','0.00000','0.00000','0.00000',4,NULL,2),('2012-10-05 19:29:00','','112233','0982223232','default','SIP/188.138.82.158-000001ed','SIP/195.138.68.114:5060-000001ee','AGI','HANGUP',4,0,'BUSY',3,'','','21','212.178.25.71','212.178.25.71','sip:112233@188.138.82.158','sip:112233@212.178.25.71','Twinkle/1.4.2','ulaw','ulaw','0.000000','0.000000','0.000000','0.000000','1349454540.494','0.00000','0.00000','0.00000','0.00000',4,NULL,2),('2012-10-05 19:29:22','','112233','0982223232','default','SIP/188.138.82.158-000001ef','SIP/195.138.68.114:5060-000001f0','AGI','HANGUP',4,0,'BUSY',3,'','','21','212.178.25.71','212.178.25.71','sip:112233@188.138.82.158','sip:112233@212.178.25.71','Twinkle/1.4.2','ulaw','ulaw','0.000000','0.000000','0.000000','0.000000','1349454562.496','0.00000','0.00000','0.00000','0.00000',4,NULL,2),('2012-10-05 19:29:50','','112233','0982223232','default','SIP/188.138.82.158-000001f1','SIP/195.138.68.114:5060-000001f2','AGI','HANGUP',4,0,'BUSY',3,'','','21','212.178.25.71','212.178.25.71','sip:112233@188.138.82.158','sip:112233@212.178.25.71','Twinkle/1.4.2','ulaw','ulaw','0.000000','0.000000','0.000000','0.000000','1349454590.498','0.00000','0.00000','0.00000','0.00000',4,NULL,2),('2012-10-05 19:32:41','','112233','0982223232','default','SIP/188.138.82.158-000001f3','SIP/195.138.68.114:5060-000001f4','Dial','SIP/0982223232@195.138.68.114:5060',6,4,'ANSWERED',3,'','','16','212.178.25.71','212.178.25.71','sip:112233@188.138.82.158','sip:112233@212.178.25.71','Twinkle/1.4.2','ulaw','ulaw','0.000000','0.000000','0.000686','0.000000','1349454761.500','0.00069','0.00000','0.00000','0.00000',4,NULL,2),('2012-10-05 19:34:04','','112233','0982223232','default','SIP/188.138.82.158-000001f5','SIP/195.138.68.114:5060-000001f6','Dial','SIP/0982223232@195.138.68.114:5060',4,2,'ANSWERED',3,'','','16','212.178.25.71','212.178.25.71','sip:112233@188.138.82.158','sip:112233@212.178.25.71','Twinkle/1.4.2','ulaw','ulaw','0.000000','0.000000','0.000740','0.000000','1349454844.502','0.00074','0.00000','0.00000','0.00000',4,NULL,2),('2012-10-05 19:40:21','','112233','0982223232','default','SIP/188.138.82.158-000001f7','SIP/195.138.68.114:5060-000001f8','Dial','SIP/0982223232@195.138.68.114:5060',4,1,'ANSWERED',3,'','','16','212.178.25.71','212.178.25.71','sip:112233@188.138.82.158','sip:112233@212.178.25.71','Twinkle/1.4.2','ulaw','ulaw','0.000000','0.000000','0.000680','0.000000','1349455221.504','0.00068','0.00000','0.00000','0.00000',4,NULL,2),('2012-10-05 19:50:28','','112233','0982223232','default','SIP/188.138.82.158-000001f9','SIP/195.138.68.114:5060-000001fa','Dial','SIP/0982223232@195.138.68.114:5060',4,2,'ANSWERED',3,'','','16','212.178.25.71','212.178.25.71','sip:112233@188.138.82.158','sip:112233@212.178.25.71','Twinkle/1.4.2','ulaw','ulaw','0.000000','0.000000','0.003071','0.000000','1349455828.506','0.00087','0.00000','0.00000','0.00000',4,NULL,2),('2012-10-05 21:55:00','','112233','0982223232','default','SIP/188.138.82.158-000001fb','SIP/195.138.68.114:5060-000001fc','Dial','SIP/0982223232@195.138.68.114:5060',5,2,'ANSWERED',3,'','','16','212.178.25.71','212.178.25.71','sip:112233@188.138.82.158','sip:112233@212.178.25.71','Twinkle/1.4.2','ulaw','ulaw','0.000000','0.000000','0.004850','0.000000','1349463300.508','0.00068','0.00000','0.00000','0.00000',4,NULL,2),('2012-10-05 21:56:20','','112233','0982223232','default','SIP/188.138.82.158-000001fd','SIP/195.138.68.114:5060-000001fe','Dial','SIP/0982223232@195.138.68.114:5060',5,2,'ANSWERED',3,'','','16','212.178.25.71','212.178.25.71','sip:112233@188.138.82.158','sip:112233@212.178.25.71','Twinkle/1.4.2','ulaw','ulaw','0.000000','0.000000','0.002298','0.000000','1349463380.510','0.00066','0.00000','0.00000','0.00000',4,NULL,2),('2012-10-05 22:00:04','','112233','0982223232','default','SIP/188.138.82.158-000001ff','SIP/195.138.68.114:5060-00000200','Dial','SIP/0982223232@195.138.68.114:5060',4,2,'ANSWERED',3,'','','16','212.178.25.71','212.178.25.71','sip:112233@188.138.82.158','sip:112233@212.178.25.71','Twinkle/1.4.2','ulaw','ulaw','0.000000','0.000000','0.002979','0.000000','1349463604.512','0.00298','0.00000','0.00000','0.00000',4,NULL,2),('2012-10-05 22:11:59','','112233','0982223232','default','SIP/188.138.82.158-00000201','SIP/195.138.68.114:5060-00000202','Dial','SIP/0982223232@195.138.68.114:5060',4,2,'ANSWERED',3,'','','16','212.178.25.71','212.178.25.71','sip:112233@188.138.82.158','sip:112233@212.178.25.71','Twinkle/1.4.2','ulaw','ulaw','0.000000','0.000000','0.003210','0.000000','1349464319.514','0.00156','0.00000','0.00000','0.00000',4,NULL,2),('2012-10-05 22:46:53','','112233','0982223232','default','SIP/188.138.82.158-00000203','SIP/195.138.68.114:5060-00000204','Dial','SIP/0982223232@195.138.68.114:5060',4,2,'ANSWERED',3,'','','16','212.178.25.71','212.178.25.71','sip:112233@188.138.82.158','sip:112233@212.178.25.71','Twinkle/1.4.2','ulaw','ulaw','0.000000','0.000000','0.001849','0.000000','1349466413.516','0.00173','0.00000','0.00000','0.00000',4,NULL,2),('2012-10-05 22:49:20','','112233','0982223232','default','SIP/188.138.82.158-00000206','SIP/195.138.68.114:5060-00000207','Dial','SIP/0982223232@195.138.68.114:5060',4,2,'ANSWERED',3,'','','16','212.178.25.71','212.178.25.71','sip:112233@188.138.82.158','sip:112233@212.178.25.71','Twinkle/1.4.2','ulaw','ulaw','0.000000','0.000000','0.002008','0.000000','1349466560.519','0.00057','0.00000','0.00000','0.00000',4,NULL,2),('2012-10-08 23:01:33','','112233','0982223232','default','SIP/188.138.82.158-00000220','SIP/195.138.68.114:5060-00000221','Dial','SIP/0982223232@195.138.68.114:5060',5,3,'ANSWERED',3,'','','16','37.203.5.251','37.203.5.251','sip:112233@188.138.82.158','sip:112233@37.203.5.251','Twinkle/1.4.2','ulaw','ulaw','0.000000','0.000000','0.002585','0.000000','1349726493.545','0.00098','0.00000','0.00000','0.00000',8,NULL,2),('2012-10-08 23:02:34','','112233','0982223232','default','SIP/188.138.82.158-00000222','SIP/195.138.68.114:5060-00000223','Dial','SIP/0982223232@195.138.68.114:5060',4,2,'ANSWERED',3,'','','16','37.203.5.251','37.203.5.251','sip:112233@188.138.82.158','sip:112233@37.203.5.251','Twinkle/1.4.2','ulaw','ulaw','0.000000','0.000000','0.003061','0.000000','1349726554.547','0.00064','0.00000','0.00000','0.00000',4,NULL,2),('2012-10-08 23:02:47','','112233','0982223232','default','SIP/188.138.82.158-00000224','SIP/195.138.68.114:5060-00000225','Dial','SIP/0982223232@195.138.68.114:5060',5,2,'ANSWERED',3,'','','16','37.203.5.251','37.203.5.251','sip:112233@188.138.82.158','sip:112233@37.203.5.251','Twinkle/1.4.2','ulaw','ulaw','0.000000','0.000000','0.002235','0.000000','1349726567.549','0.00150','0.00000','0.00000','0.00000',3,NULL,2),('2012-10-08 23:02:56','','112233','0982223232','default','SIP/188.138.82.158-00000226','SIP/195.138.68.114:5060-00000227','Dial','SIP/0982223232@195.138.68.114:5060',4,2,'ANSWERED',3,'','','16','37.203.5.251','37.203.5.251','sip:112233@188.138.82.158','sip:112233@37.203.5.251','Twinkle/1.4.2','ulaw','ulaw','0.000000','0.000000','0.002176','0.000000','1349726576.551','0.00113','0.00000','0.00000','0.00000',3,NULL,2),('2012-10-08 23:03:16','','112233','0982223232','default','SIP/188.138.82.158-00000228','SIP/195.138.68.114:5060-00000229','Dial','SIP/0982223232@195.138.68.114:5060',4,2,'ANSWERED',3,'','','16','37.203.5.251','37.203.5.251','sip:112233@188.138.82.158','sip:112233@37.203.5.251','Twinkle/1.4.2','ulaw','ulaw','0.000000','0.000000','0.003237','0.000000','1349726596.553','0.00097','0.00000','0.00000','0.00000',3,NULL,2),('2012-10-08 23:08:01','','112233','0982223232','default','SIP/188.138.82.158-0000022f','SIP/195.138.68.114:5060-00000230','Dial','SIP/0982223232@195.138.68.114:5060',5,2,'ANSWERED',3,'','','16','37.203.5.251','37.203.5.251','sip:112233@188.138.82.158','sip:112233@37.203.5.251','Twinkle/1.4.2','ulaw','ulaw','0.000000','0.000000','0.001093','0.000000','1349726881.560','0.00064','0.00000','0.00000','0.00000',8,NULL,2),('2012-10-08 23:08:17','','112233','0982223232','default','SIP/188.138.82.158-00000231','SIP/195.138.68.114:5060-00000232','Dial','SIP/0982223232@195.138.68.114:5060',4,2,'ANSWERED',3,'','','16','37.203.5.251','37.203.5.251','sip:112233@188.138.82.158','sip:112233@37.203.5.251','Twinkle/1.4.2','ulaw','ulaw','0.000000','0.000000','0.002732','0.000000','1349726897.562','0.00123','0.00000','0.00000','0.00000',4,NULL,2),('2012-10-08 23:08:44','','112233','0982223232','default','SIP/188.138.82.158-00000233','SIP/195.138.68.114:5060-00000234','Dial','SIP/0982223232@195.138.68.114:5060',5,3,'ANSWERED',3,'','','16','37.203.5.251','37.203.5.251','sip:112233@188.138.82.158','sip:112233@37.203.5.251','Twinkle/1.4.2','ulaw','ulaw','0.000000','0.000000','0.001572','0.000000','1349726924.564','0.00085','0.00000','0.00000','0.00000',3,NULL,2),('2012-10-08 23:09:49','','112233','0982223232','default','SIP/188.138.82.158-00000236','SIP/195.138.68.114:5060-00000237','Dial','SIP/0982223232@195.138.68.114:5060',4,2,'ANSWERED',3,'','','16','37.203.5.251','37.203.5.251','sip:112233@188.138.82.158','sip:112233@37.203.5.251','Twinkle/1.4.2','ulaw','ulaw','0.000000','0.000000','0.002000','0.000000','1349726989.567','0.00126','0.00000','0.00000','0.00000',8,NULL,2),('2012-10-08 23:10:21','','112233','0982223232','default','SIP/188.138.82.158-00000238','SIP/195.138.68.114:5060-00000239','Dial','SIP/0982223232@195.138.68.114:5060',4,2,'ANSWERED',3,'','','16','37.203.5.251','37.203.5.251','sip:112233@188.138.82.158','sip:112233@37.203.5.251','Twinkle/1.4.2','ulaw','ulaw','0.000000','0.000000','0.000991','0.000000','1349727021.569','0.00045','0.00000','0.00000','0.00000',4,NULL,2),('2012-10-09 09:12:08','','112233','0982223232','default','SIP/188.138.82.158-0000023a','SIP/195.138.68.114:5060-0000023b','Dial','SIP/0982223232@195.138.68.114:5060',9,6,'ANSWERED',3,'','','16','212.178.24.4','212.178.24.4','sip:112233@188.138.82.158','sip:112233@212.178.24.4','Twinkle/1.4.2','ulaw','ulaw','0.000000','21278.000000','0.007670','161404432.000000','1349763128.571','0.00619','2462.00000','0.00000','21278.00000',8,NULL,2),('2012-10-09 09:12:57','','112233','0982223232','default','SIP/188.138.82.158-0000023c','SIP/195.138.68.114:5060-0000023d','Dial','SIP/0982223232@195.138.68.114:5060,S(2)',9,7,'ANSWERED',3,'','','16','212.178.24.4','212.178.24.4','sip:112233@188.138.82.158','sip:112233@212.178.24.4','Twinkle/1.4.2','ulaw','ulaw','0.000000','14208.000000','0.005727','164704608.000000','1349763177.573','0.00320','2513.00000','0.00000','14208.00000',4,NULL,2),('2012-10-09 09:20:49','','112233','0982223232','default','SIP/188.138.82.158-0000023e','SIP/195.138.68.114:5060-0000023f','Dial','SIP/0982223232@195.138.68.114:5060,S2',5,3,'ANSWERED',3,'','','16','212.178.24.4','212.178.24.4','sip:112233@188.138.82.158','sip:112233@212.178.24.4','Twinkle/1.4.2','ulaw','ulaw','0.000000','0.000000','0.004633','0.000000','1349763649.575','0.00385','0.00000','0.00000','0.00000',8,NULL,2),('2012-10-09 09:21:21','','112233','0982223232','default','SIP/188.138.82.158-00000240','SIP/195.138.68.114:5060-00000241','Dial','SIP/0982223232@195.138.68.114:5060,,S(2)',5,2,'ANSWERED',3,'','','16','212.178.24.4','212.178.24.4','sip:112233@188.138.82.158','sip:112233@212.178.24.4','Twinkle/1.4.2','ulaw','ulaw','0.000000','0.000000','0.001853','0.000000','1349763681.577','0.00066','0.00000','0.00000','0.00000',4,NULL,2),('2012-10-09 09:28:03','','112233','0982223232','default','SIP/188.138.82.158-00000242','SIP/195.138.68.114:5060-00000243','Dial','SIP/0982223232@195.138.68.114:5060,,',5,2,'ANSWERED',3,'','','16','212.178.24.4','212.178.24.4','sip:112233@188.138.82.158','sip:112233@212.178.24.4','Twinkle/1.4.2','ulaw','ulaw','0.000000','0.000000','0.001140','0.000000','1349764083.579','0.00043','0.00000','0.00000','0.00000',8,NULL,2),('2012-10-09 09:28:25','','112233','0982223232','default','SIP/188.138.82.158-00000244','SIP/195.138.68.114:5060-00000245','Dial','SIP/0982223232@195.138.68.114:5060,,S(2160)',7,5,'ANSWERED',3,'','','16','212.178.24.4','212.178.24.4','sip:112233@188.138.82.158','sip:112233@212.178.24.4','Twinkle/1.4.2','ulaw','ulaw','0.000000','0.000000','0.002965','0.000000','1349764105.581','0.00189','0.00000','0.00000','0.00000',4,NULL,2),('2012-10-09 09:28:47','','112233','0982223232','default','SIP/188.138.82.158-00000246','SIP/195.138.68.114:5060-00000247','Dial','SIP/0982223232@195.138.68.114:5060,,S(180)',6,4,'ANSWERED',3,'','','16','212.178.24.4','212.178.24.4','sip:112233@188.138.82.158','sip:112233@212.178.24.4','Twinkle/1.4.2','ulaw','ulaw','0.000000','0.000000','0.002286','0.000000','1349764127.583','0.00188','0.00000','0.00000','0.00000',3,NULL,2),('2012-10-09 09:30:14','','112233','0982223232','default','SIP/188.138.82.158-00000248','SIP/195.138.68.114:5060-00000249','Dial','SIP/0982223232@195.138.68.114:5060,,S(120)',4,2,'ANSWERED',3,'','','16','212.178.24.4','212.178.24.4','sip:112233@188.138.82.158','sip:112233@212.178.24.4','Twinkle/1.4.2','ulaw','ulaw','0.000000','0.000000','0.003946','0.000000','1349764214.585','0.00373','0.00000','0.00000','0.00000',8,NULL,2),('2012-10-09 09:32:48','','112233','0982223232','default','SIP/188.138.82.158-0000024a','SIP/195.138.68.114:5060-0000024b','Dial','SIP/0982223232@195.138.68.114:5060,,S(120)',9,6,'ANSWERED',3,'','','16','212.178.24.4','212.178.24.4','sip:112233@188.138.82.158','sip:112233@212.178.24.4','Twinkle/1.4.2','ulaw','ulaw','0.000000','0.000000','0.002210','0.000000','1349764368.587','0.00060','0.00000','0.00000','0.00000',8,NULL,2),('2012-10-09 09:33:00','','112233','0982223232','default','SIP/188.138.82.158-0000024c','SIP/195.138.68.114:5060-0000024d','Dial','SIP/0982223232@195.138.68.114:5060,,S(2160)',7,5,'ANSWERED',3,'','','16','212.178.24.4','212.178.24.4','sip:112233@188.138.82.158','sip:112233@212.178.24.4','Twinkle/1.4.2','ulaw','ulaw','0.000000','0.000000','0.001797','0.000000','1349764380.589','0.00085','0.00000','0.00000','0.00000',4,NULL,2),('2012-10-09 09:33:09','','112233','0982223232','default','SIP/188.138.82.158-0000024e','SIP/195.138.68.114:5060-0000024f','Dial','SIP/0982223232@195.138.68.114:5060,,S(180)',8,6,'ANSWERED',3,'','','16','212.178.24.4','212.178.24.4','sip:112233@188.138.82.158','sip:112233@212.178.24.4','Twinkle/1.4.2','ulaw','ulaw','0.000000','0.000000','0.002288','0.000000','1349764389.591','0.00113','0.00000','0.00000','0.00000',3,NULL,2),('2012-10-09 09:36:34','','112233','0982223232','default','SIP/188.138.82.158-00000251','SIP/195.138.68.114:5060-00000252','Dial','SIP/0982223232@195.138.68.114:5060,,S(120)',8,5,'ANSWERED',3,'','','16','212.178.24.4','212.178.24.4','sip:112233@188.138.82.158','sip:112233@212.178.24.4','Twinkle/1.4.2','ulaw','ulaw','0.000000','44575.000000','0.003124','171664080.000000','1349764594.594','0.00066','2619.00000','0.00000','44575.00000',8,NULL,2),('2012-10-09 09:37:17','','112233','0982223232','default','SIP/188.138.82.158-00000253','SIP/195.138.68.114:5060-00000254','Dial','SIP/0982223232@195.138.68.114:5060,,S(2160)',9,6,'ANSWERED',3,'','','16','212.178.24.4','212.178.24.4','sip:112233@188.138.82.158','sip:112233@212.178.24.4','Twinkle/1.4.2','ulaw','ulaw','0.000000','62599.000000','0.003235','161605616.000000','1349764637.596','0.00141','2465.00000','0.00000','62599.00000',4,NULL,2),('2012-10-09 09:37:29','','112233','0982223232','default','SIP/188.138.82.158-00000255','SIP/195.138.68.114:5060-00000256','Dial','SIP/0982223232@195.138.68.114:5060,,S(180)',6,4,'ANSWERED',3,'','','16','212.178.24.4','212.178.24.4','sip:112233@188.138.82.158','sip:112233@212.178.24.4','Twinkle/1.4.2','ulaw','ulaw','0.000000','0.000000','0.002499','0.000000','1349764649.598','0.00145','0.00000','0.00000','0.00000',3,NULL,2),('2012-10-09 09:40:18','','112233','0982223232','default','SIP/188.138.82.158-00000257','SIP/195.138.68.114:5060-00000258','Dial','SIP/0982223232@195.138.68.114:5060,,S(120)',7,5,'ANSWERED',3,'','','16','212.178.24.4','212.178.24.4','sip:112233@188.138.82.158','sip:112233@212.178.24.4','Twinkle/1.4.2','ulaw','ulaw','0.000000','4221.000000','0.003143','167803984.000000','1349764818.600','0.00188','2560.00000','0.00000','4221.00000',8,NULL,2),('2012-10-09 09:40:27','','112233','0982223232','default','SIP/188.138.82.158-00000259','SIP/195.138.68.114:5060-0000025a','Dial','SIP/0982223232@195.138.68.114:5060,,S(2160)',7,5,'ANSWERED',3,'','','16','212.178.24.4','212.178.24.4','sip:112233@188.138.82.158','sip:112233@212.178.24.4','Twinkle/1.4.2','ulaw','ulaw','0.000000','0.000000','0.002391','0.000000','1349764827.602','0.00107','0.00000','0.00000','0.00000',4,NULL,2),('2012-10-09 09:40:36','','112233','0982223232','default','SIP/188.138.82.158-0000025b','SIP/195.138.68.114:5060-0000025c','Dial','SIP/0982223232@195.138.68.114:5060,,S(180)',5,3,'ANSWERED',3,'','','16','212.178.24.4','212.178.24.4','sip:112233@188.138.82.158','sip:112233@212.178.24.4','Twinkle/1.4.2','ulaw','ulaw','0.000000','0.000000','0.002023','0.000000','1349764836.604','0.00078','0.00000','0.00000','0.00000',3,NULL,2),('2012-10-09 09:42:12','','112233','0982223232','default','SIP/188.138.82.158-0000025d','SIP/195.138.68.114:5060-0000025e','Dial','SIP/0982223232@195.138.68.114:5060,,S(120)',6,4,'ANSWERED',3,'','','16','212.178.24.4','212.178.24.4','sip:112233@188.138.82.158','sip:112233@212.178.24.4','Twinkle/1.4.2','ulaw','ulaw','0.000000','0.000000','0.001884','0.000000','1349764932.606','0.00102','0.00000','0.00000','0.00000',8,NULL,2),('2012-10-09 09:45:11','','112233','0982223232','default','SIP/188.138.82.158-0000025f','SIP/195.138.68.114:5060-00000260','Dial','SIP/0982223232@195.138.68.114:5060,,S(60)',9,6,'ANSWERED',3,'','','16','212.178.24.4','212.178.24.4','sip:112233@188.138.82.158','sip:112233@212.178.24.4','Twinkle/1.4.2','ulaw','ulaw','0.000000','22042.000000','0.001026','162193296.000000','1349765111.608','0.00047','2474.00000','0.00000','22042.00000',8,NULL,2),('2012-10-09 09:45:23','','112233','0982223232','default','SIP/188.138.82.158-00000261','SIP/195.138.68.114:5060-00000262','Dial','SIP/0982223232@195.138.68.114:5060,,S(2100)',9,7,'ANSWERED',3,'','','16','212.178.24.4','212.178.24.4','sip:112233@188.138.82.158','sip:112233@212.178.24.4','Twinkle/1.4.2','ulaw','ulaw','0.000000','42607.000000','0.002262','162008688.000000','1349765123.610','0.00076','2472.00000','0.00000','42607.00000',4,NULL,2),('2012-10-09 09:46:03','','112233','0982223232','default','SIP/188.138.82.158-00000263','SIP/195.138.68.114:5060-00000264','Dial','SIP/0982223232@195.138.68.114:5060,,S(60)',8,6,'ANSWERED',3,'','','16','212.178.24.4','212.178.24.4','sip:112233@188.138.82.158','sip:112233@212.178.24.4','Twinkle/1.4.2','ulaw','ulaw','0.000000','0.000000','0.007503','0.000000','1349765163.612','0.00675','0.00000','0.00000','0.00000',3,NULL,2),('2012-10-09 10:33:06','','112233','0982223232','default','SIP/188.138.82.158-00000266','SIP/195.138.68.114:5060-00000267','Dial','SIP/0982223232@195.138.68.114:5060,,S(240)',9,6,'ANSWERED',3,'','','16','212.178.25.141','212.178.25.141','sip:112233@188.138.82.158','sip:112233@212.178.25.141','Twinkle/1.4.2','ulaw','ulaw','0.000000','22888.000000','0.007288','164698320.000000','1349767986.615','0.00626','2513.00000','0.00000','22888.00000',4,NULL,2),('2012-10-09 10:33:40','','112233','0982223232','default','SIP/188.138.82.158-00000269','SIP/195.138.68.114:5060-0000026a','Dial','SIP/0982223232@195.138.68.114:5060,,S(540)',8,6,'ANSWERED',3,'','','16','212.178.25.141','212.178.25.141','sip:112233@188.138.82.158','sip:112233@212.178.25.141','Twinkle/1.4.2','ulaw','ulaw','0.000000','0.000000','0.004665','0.000000','1349768020.618','0.00327','0.00000','0.00000','0.00000',8,NULL,2),('2012-10-09 10:36:10','','112233','0982223232','default','SIP/188.138.82.158-0000026e','SIP/195.138.68.114:5060-0000026f','Dial','SIP/0982223232@195.138.68.114:5060,,S(540)',8,6,'ANSWERED',3,'','','16','212.178.25.141','212.178.25.141','sip:112233@188.138.82.158','sip:112233@212.178.25.141','Twinkle/1.4.2','ulaw','ulaw','0.000000','52547.000000','0.003803','162828992.000000','1349768170.623','0.00280','2484.00000','0.00000','52547.00000',8,NULL,2),('2012-10-09 12:13:57','','zoiper','0980642976','default','SIP/zoiper-00000270','SIP/195.138.68.114:5060-00000271','Dial','SIP/0980642976@195.138.68.114:5060,,S(540)',10,8,'ANSWERED',3,'','','16','46.247.170.128','46.247.170.128','sip:zoiper@188.138.82.158;transport=UDP','sip:zoiper@46.247.170.128:5060','Zoiper rev.11137','ulaw','ulaw','0.000000','0.000000','0.042617','0.000000','1349774037.625','0.01378','0.00000','0.00000','0.00000',8,NULL,2),('2012-10-09 12:14:27','','zoiper','0980642976','default','SIP/zoiper-00000272','SIP/195.138.68.114:5060-00000273','Dial','SIP/0980642976@195.138.68.114:5060,,S(240)',10,8,'ANSWERED',3,'','','16','46.247.170.128','46.247.170.128','sip:zoiper@188.138.82.158;transport=UDP','sip:zoiper@46.247.170.128:5060','Zoiper rev.11137','ulaw','ulaw','0.000000','0.000000','0.027984','0.000000','1349774067.627','0.01637','0.00000','0.00000','0.00000',4,NULL,2),('2012-10-09 12:14:54','','zoiper','0980642976','default','SIP/zoiper-00000274','SIP/178.137.154.210:5060-00000275','Dial','SIP/0980642976@178.137.154.210:5060,,S(180)',76,63,'ANSWERED',3,'','','16','46.247.170.128','46.247.170.128','sip:zoiper@188.138.82.158;transport=UDP','sip:zoiper@46.247.170.128:5060','Zoiper rev.11137','ulaw','ulaw','0.000000','0.000000','0.035614','141.000000','1349774094.629','0.01186','0.00000','0.00000','0.00000',28,NULL,2),('2012-10-09 12:46:11','','zoiper','111','default','SIP/zoiper-00000279','SIP/195.138.68.114:5060-0000027a','AGI','HANGUP',1,0,'NO ANSWER',3,'','','1','46.247.170.128','46.247.170.128','sip:zoiper@188.138.82.158;transport=UDP','sip:zoiper@46.247.170.128:5060','Zoiper rev.11137','ulaw','ulaw','0.000000','0.000000','0.000000','0.000000','1349775971.634','0.00000','0.00000','0.00000','0.00000',8,NULL,6),('2012-10-09 12:47:32','','zoiper','111','default','SIP/zoiper-0000027b','SIP/195.138.68.114:5060-0000027c','AGI','HANGUP',2,0,'NO ANSWER',3,'','','1','46.247.170.128','46.247.170.128','sip:zoiper@188.138.82.158;transport=UDP','sip:zoiper@46.247.170.128:5060','Zoiper rev.11137','ulaw','ulaw','0.000000','0.000000','0.000000','0.000000','1349776052.636','0.00000','0.00000','0.00000','0.00000',8,NULL,6),('2012-10-09 12:47:40','','zoiper','111','default','SIP/zoiper-0000027d','SIP/195.138.68.114:5060-0000027e','AGI','HANGUP',1,0,'NO ANSWER',3,'','','1','46.247.170.128','46.247.170.128','sip:zoiper@188.138.82.158;transport=UDP','sip:zoiper@46.247.170.128:5060','Zoiper rev.11137','ulaw','ulaw','0.000000','0.000000','0.000000','0.000000','1349776060.638','0.00000','0.00000','0.00000','0.00000',8,NULL,6),('2012-10-09 12:52:47','','zoiper','111','default','SIP/zoiper-0000027f','SIP/195.138.68.114:5060-00000280','AGI','HANGUP',1,0,'NO ANSWER',3,'','','1','46.247.170.128','46.247.170.128','sip:zoiper@188.138.82.158;transport=UDP','sip:zoiper@46.247.170.128:5060','Zoiper rev.11137','ulaw','ulaw','0.000000','0.000000','0.000000','0.000000','1349776367.640','0.00000','0.00000','0.00000','0.00000',8,NULL,6),('2012-10-09 12:53:36','','zoiper','111','default','SIP/zoiper-00000281','SIP/195.138.68.114:5060-00000282','AGI','HANGUP',1,0,'NO ANSWER',3,'','','1','46.247.170.128','46.247.170.128','sip:zoiper@188.138.82.158;transport=UDP','sip:zoiper@46.247.170.128:5060','Zoiper rev.11137','ulaw','ulaw','0.000000','0.000000','0.000000','0.000000','1349776416.642','0.00000','0.00000','0.00000','0.00000',8,NULL,6),('2012-10-09 12:54:09','','zoiper','111','default','SIP/zoiper-00000283','SIP/195.138.68.114:5060-00000284','AGI','HANGUP',1,0,'NO ANSWER',3,'','','1','46.247.170.128','46.247.170.128','sip:zoiper@188.138.82.158;transport=UDP','sip:zoiper@46.247.170.128:5060','Zoiper rev.11137','ulaw','ulaw','0.000000','0.000000','0.000000','0.000000','1349776449.644','0.00000','0.00000','0.00000','0.00000',8,NULL,6),('2012-10-27 12:43:44','','123','123','default','SIP/188.138.82.158-00000033','SIP/80.86.95.165-00000038','Hangup','',0,0,'FAILED',3,'','','34','69.162.69.131','69.162.69.131','sip:123@188.138.82.158','sip:123@188.138.82.158','friendly-scanner','ulaw','ulaw','0.000000','0.000000','0.000000','0.000000','1351331024.51','0.00000','0.00000','0.00000','0.00000',NULL,NULL,NULL),('2012-10-31 15:27:28','','zoiper','123','default','SIP/zoiper-00000000','SIP/80.86.95.165-00000001','Hangup','',0,0,'FAILED',3,'','','34','188.115.145.174','188.115.145.174','sip:zoiper@188.138.82.158','sip:zoiper@188.115.145.174','Twinkle/1.4.2','ulaw','ulaw','0.000000','0.000000','0.000000','0.000000','1351690048.0','0.00000','0.00000','0.00000','0.00000',NULL,NULL,NULL),('2012-10-31 15:27:54','','zoiper','123','default','SIP/zoiper-00000002','SIP/80.86.95.165-00000003','Hangup','',0,0,'FAILED',3,'','','34','188.115.145.174','188.115.145.174','sip:zoiper@188.138.82.158','sip:zoiper@188.115.145.174','Twinkle/1.4.2','ulaw','ulaw','0.000000','0.000000','0.000000','0.000000','1351690074.2','0.00000','0.00000','0.00000','0.00000',NULL,NULL,NULL),('2012-10-31 15:28:27','','zoiper','123','default','SIP/zoiper-00000004','SIP/80.86.95.165-00000005','Hangup','',0,0,'FAILED',3,'','','34','188.115.145.174','188.115.145.174','sip:zoiper@188.138.82.158','sip:zoiper@188.115.145.174','Twinkle/1.4.2','ulaw','ulaw','0.000000','0.000000','0.000000','0.000000','1351690107.4','0.00000','0.00000','0.00000','0.00000',NULL,NULL,NULL),('2012-10-31 15:30:00','','zoiper','123','default','SIP/zoiper-00000006','SIP/80.86.95.165-00000007','Hangup','',0,0,'FAILED',3,'','','34','188.115.145.174','188.115.145.174','sip:zoiper@188.138.82.158','sip:zoiper@188.115.145.174','Twinkle/1.4.2','ulaw','ulaw','0.000000','0.000000','0.000727','0.000000','1351690200.6','0.00073','0.00000','0.00000','0.00000',NULL,NULL,NULL),('2012-10-31 15:30:46','','zoiper','123','default','SIP/zoiper-00000008','SIP/80.86.95.165-00000009','Hangup','',0,0,'FAILED',3,'','','34','188.115.145.174','188.115.145.174','sip:zoiper@188.138.82.158','sip:zoiper@188.115.145.174','Twinkle/1.4.2','ulaw','ulaw','0.000000','0.000000','0.000000','0.000000','1351690246.8','0.00000','0.00000','0.00000','0.00000',NULL,NULL,NULL),('2012-10-31 15:30:52','','zoiper','123','default','SIP/zoiper-0000000a','SIP/80.86.95.165-0000000b','Hangup','',0,0,'FAILED',3,'','','34','188.115.145.174','188.115.145.174','sip:zoiper@188.138.82.158','sip:zoiper@188.115.145.174','Twinkle/1.4.2','ulaw','ulaw','0.000000','0.000000','0.000000','0.000000','1351690252.10','0.00000','0.00000','0.00000','0.00000',NULL,NULL,NULL),('2012-10-31 15:30:57','','zoiper','123','default','SIP/zoiper-0000000c','SIP/80.86.95.165-0000000d','Hangup','',0,0,'FAILED',3,'','','34','188.115.145.174','188.115.145.174','sip:zoiper@188.138.82.158','sip:zoiper@188.115.145.174','Twinkle/1.4.2','ulaw','ulaw','0.000000','0.000000','0.000000','0.000000','1351690257.12','0.00000','0.00000','0.00000','0.00000',NULL,NULL,NULL),('2012-10-31 15:31:45','','zoiper','123','default','SIP/zoiper-0000000e','SIP/80.86.95.165-0000000f','Hangup','',10,0,'FAILED',3,'','','34','188.115.145.174','188.115.145.174','sip:zoiper@188.138.82.158','sip:zoiper@188.115.145.174','Twinkle/1.4.2','ulaw','ulaw','0.000000','0.000000','0.000000','0.000000','1351690305.14','0.00000','0.00000','0.00000','0.00000',NULL,NULL,NULL),('2012-10-31 15:32:30','','zoiper','123','default','SIP/zoiper-00000010','SIP/80.86.95.165-00000011','Hangup','',10,0,'FAILED',3,'','','34','188.115.145.174','188.115.145.174','sip:zoiper@188.138.82.158','sip:zoiper@188.115.145.174','Twinkle/1.4.2','ulaw','ulaw','0.000000','0.000000','0.000000','0.000000','1351690350.16','0.00000','0.00000','0.00000','0.00000',NULL,NULL,NULL),('2012-10-31 15:33:25','','zoiper','123','default','SIP/zoiper-00000012','SIP/80.86.95.165-00000013','Wait','10',6,0,'FAILED',3,'','','34','188.115.145.174','188.115.145.174','sip:zoiper@188.138.82.158','sip:zoiper@188.115.145.174','Twinkle/1.4.2','ulaw','ulaw','0.000000','0.000000','0.000000','0.000000','1351690405.18','0.00000','0.00000','0.00000','0.00000',NULL,NULL,NULL),('2012-10-31 15:35:40','','zoiper','123','default','SIP/zoiper-00000014','SIP/80.86.95.165-00000015','Hangup','',10,0,'FAILED',3,'','','34','188.115.145.174','188.115.145.174','sip:zoiper@188.138.82.158','sip:zoiper@188.115.145.174','Twinkle/1.4.2','ulaw','ulaw','0.000000','0.000000','0.000000','0.000000','1351690540.20','0.00000','0.00000','0.00000','0.00000',NULL,NULL,NULL),('2012-10-31 15:41:10','','zoiper','123','default','SIP/zoiper-00000016','SIP/80.86.95.165-00000017','Hangup','',10,0,'FAILED',3,'','','34','188.115.145.174','188.115.145.174','sip:zoiper@188.138.82.158','sip:zoiper@188.115.145.174','Twinkle/1.4.2','ulaw','ulaw','0.000000','0.000000','0.000000','0.000000','1351690870.22','0.00000','0.00000','0.00000','0.00000',NULL,NULL,NULL),('2012-10-31 15:41:31','','zoiper','123','default','SIP/zoiper-00000018','SIP/80.86.95.165-00000019','Wait','10',3,0,'FAILED',3,'','','34','188.115.145.174','188.115.145.174','sip:zoiper@188.138.82.158','sip:zoiper@188.115.145.174','Twinkle/1.4.2','ulaw','ulaw','0.000000','0.000000','0.000000','0.000000','1351690891.24','0.00000','0.00000','0.00000','0.00000',NULL,NULL,NULL),('2012-10-31 15:47:03','','zoiper','123','default','SIP/zoiper-0000001a','SIP/80.86.95.165-0000001b','Wait','10',7,0,'FAILED',3,'','','34','188.115.145.174','188.115.145.174','sip:zoiper@188.138.82.158','sip:zoiper@188.115.145.174','Twinkle/1.4.2','ulaw','ulaw','0.000000','0.000000','0.000000','0.000000','1351691223.26','0.00000','0.00000','0.00000','0.00000',NULL,NULL,NULL),('2012-10-31 15:48:29','','zoiper','123','default','SIP/zoiper-0000001c','','Hangup','',11,11,'ANSWERED',3,'','','16','188.115.145.174','188.115.145.174','sip:zoiper@188.138.82.158','sip:zoiper@188.115.145.174','Twinkle/1.4.2','ulaw','ulaw','0.000000','0.000000','0.005409','0.000000','1351691309.28','0.00390','0.00000','0.00000','0.00000',NULL,NULL,NULL),('2012-10-31 15:49:34','','zoiper','123','default','SIP/zoiper-0000001d','','BackGround','demo',3,3,'ANSWERED',3,'','','0','188.115.145.174','188.115.145.174','sip:zoiper@188.138.82.158','sip:zoiper@188.115.145.174','Twinkle/1.4.2','ulaw','ulaw','0.000000','0.000000','0.001937','0.000000','1351691374.29','0.00144','0.00000','0.00000','0.00000',NULL,NULL,NULL),('2012-10-31 15:49:44','','zoiper','123','default','SIP/zoiper-0000001e','','BackGround','demo',22,22,'ANSWERED',3,'','','0','188.115.145.174','188.115.145.174','sip:zoiper@188.138.82.158','sip:zoiper@188.115.145.174','Twinkle/1.4.2','ulaw','ulaw','0.000000','29769.000000','0.006015','159937744.000000','1351691384.30','0.00234','2440.00000','0.00000','29769.00000',NULL,NULL,NULL),('2012-10-31 15:50:11','','zoiper','123','default','SIP/zoiper-0000001f','','BackGround','demo',3,3,'ANSWERED',3,'','','0','188.115.145.174','188.115.145.174','sip:zoiper@188.138.82.158','sip:zoiper@188.115.145.174','Twinkle/1.4.2','ulaw','ulaw','0.000000','0.000000','0.003109','0.000000','1351691411.31','0.00179','0.00000','0.00000','0.00000',NULL,NULL,NULL),('2012-10-31 15:53:24','','zoiper','123','default','SIP/zoiper-00000020','','BackGround','demo',7,7,'ANSWERED',3,'','','0','188.115.145.174','188.115.145.174','sip:zoiper@188.138.82.158','sip:zoiper@188.115.145.174','Twinkle/1.4.2','ulaw','ulaw','0.000000','31061.000000','0.003210','159804944.000000','1351691604.32','0.00241','2438.00000','0.00000','31061.00000',NULL,NULL,NULL),('2012-10-31 15:53:35','','zoiper','123','default','SIP/zoiper-00000021','','BackGround','demo',6,6,'ANSWERED',3,'','','0','188.115.145.174','188.115.145.174','sip:zoiper@188.138.82.158','sip:zoiper@188.115.145.174','Twinkle/1.4.2','ulaw','ulaw','0.000000','44182.000000','0.003389','159704000.000000','1351691615.33','0.00247','2436.00000','0.00000','44182.00000',NULL,NULL,NULL),('2012-11-01 21:37:56','','112233','050332233','default','SIP/test-00000069','SIP/195.138.68.114:5060-0000006a','AGI','HANGUP',1,0,'NO ANSWER',3,'1','','1','37.203.7.151','37.203.7.151','sip:112233@188.138.82.158','sip:112233@37.203.7.151','Twinkle/1.4.2','ulaw','ulaw','0.000000','0.000000','0.000000','0.000000','1351798676.105','0.00000','0.00000','0.00000','0.00000',6,1,1),('2012-11-01 21:55:36','','112233','050332233','default','SIP/test-00000071','SIP/195.138.68.114:5060-00000072','AGI','HANGUP',1,0,'NO ANSWER',3,'1','','1','37.203.7.151','37.203.7.151','sip:112233@188.138.82.158','sip:112233@37.203.7.151','Twinkle/1.4.2','ulaw','ulaw','0.000000','0.000000','0.000000','0.000000','1351799736.113','0.00000','0.00000','0.00000','0.00000',6,1,1),('2012-11-01 21:56:41','','112233','050332233','default','SIP/test-00000073','SIP/195.138.68.114:5060-00000074','AGI','HANGUP',1,0,'NO ANSWER',3,'1','','1','37.203.7.151','37.203.7.151','sip:112233@188.138.82.158','sip:112233@37.203.7.151','Twinkle/1.4.2','ulaw','ulaw','0.000000','0.000000','0.000000','0.000000','1351799801.115','0.00000','0.00000','0.00000','0.00000',6,1,1),('2012-11-01 22:03:27','','112233','050332233','default','SIP/test-00000075','SIP/195.138.68.114:5060-00000076','AGI','HANGUP',1,0,'NO ANSWER',3,'1','','1','37.203.7.151','37.203.7.151','sip:112233@188.138.82.158','sip:112233@37.203.7.151','Twinkle/1.4.2','ulaw','ulaw','0.000000','0.000000','0.000000','0.000000','1351800207.117','0.00000','0.00000','0.00000','0.00000',6,1,1),('2012-11-01 22:03:58','','112233','050332233','default','SIP/test-00000077','SIP/195.138.68.114:5060-00000078','AGI','HANGUP',1,0,'NO ANSWER',3,'1','','1','37.203.7.151','37.203.7.151','sip:112233@188.138.82.158','sip:112233@37.203.7.151','Twinkle/1.4.2','ulaw','ulaw','0.000000','0.000000','0.000000','0.000000','1351800238.119','0.00000','0.00000','0.00000','0.00000',6,1,1),('2012-11-01 22:08:24','','112233','050332233','default','SIP/test-00000079','SIP/195.138.68.114:5060-0000007a','AGI','HANGUP',2,0,'NO ANSWER',3,'1','','1','37.203.7.151','37.203.7.151','sip:112233@188.138.82.158','sip:112233@37.203.7.151','Twinkle/1.4.2','ulaw','ulaw','0.000000','0.000000','0.000000','0.000000','1351800504.121','0.00000','0.00000','0.00000','0.00000',6,1,1),('2012-11-01 22:14:42','','112233','050332233','default','SIP/test-0000007b','SIP/195.138.68.114:5060-0000007c','AGI','HANGUP',1,0,'NO ANSWER',3,'1','','1','37.203.7.151','37.203.7.151','sip:112233@188.138.82.158','sip:112233@37.203.7.151','Twinkle/1.4.2','ulaw','ulaw','0.000000','0.000000','0.000000','0.000000','1351800882.123','0.00000','0.00000','0.00000','0.00000',6,1,1),('2012-11-01 22:15:34','','112233','050332233','default','SIP/test-0000007d','SIP/195.138.68.114:5060-0000007e','AGI','HANGUP',1,0,'NO ANSWER',3,'1','','1','37.203.7.151','37.203.7.151','sip:112233@188.138.82.158','sip:112233@37.203.7.151','Twinkle/1.4.2','ulaw','ulaw','0.000000','0.000000','0.000000','0.000000','1351800934.125','0.00000','0.00000','0.00000','0.00000',6,1,1),('2012-11-01 22:16:12','','112233','050332233','default','SIP/test-0000007f','SIP/195.138.68.114:5060-00000080','AGI','HANGUP',1,0,'NO ANSWER',3,'1','','1','37.203.7.151','37.203.7.151','sip:112233@188.138.82.158','sip:112233@37.203.7.151','Twinkle/1.4.2','ulaw','ulaw','0.000000','0.000000','0.000000','0.000000','1351800972.127','0.00000','0.00000','0.00000','0.00000',6,1,1),('2012-11-01 22:16:49','','112233','050332233','default','SIP/test-00000081','SIP/195.138.68.114:5060-00000082','AGI','HANGUP',1,0,'NO ANSWER',3,'1','','1','37.203.7.151','37.203.7.151','sip:112233@188.138.82.158','sip:112233@37.203.7.151','Twinkle/1.4.2','ulaw','ulaw','0.000000','0.000000','0.000000','0.000000','1351801009.129','0.00000','0.00000','0.00000','0.00000',6,1,1),('2012-11-01 22:17:02','','112233','050332232','default','SIP/test-00000083','SIP/195.138.68.114:5060-00000084','AGI','HANGUP',2,0,'NO ANSWER',3,'1','','1','37.203.7.151','37.203.7.151','sip:112233@188.138.82.158','sip:112233@37.203.7.151','Twinkle/1.4.2','ulaw','ulaw','0.000000','0.000000','0.000000','0.000000','1351801022.131','0.00000','0.00000','0.00000','0.00000',4,1,1),('2012-11-01 22:17:31','','112233','050332232','default','SIP/test-00000085','SIP/195.138.68.114:5060-00000086','AGI','HANGUP',1,0,'NO ANSWER',3,'1','','1','37.203.7.151','37.203.7.151','sip:112233@188.138.82.158','sip:112233@37.203.7.151','Twinkle/1.4.2','ulaw','ulaw','0.000000','0.000000','0.000000','0.000000','1351801051.133','0.00000','0.00000','0.00000','0.00000',4,1,1),('2012-11-01 22:18:51','','112233','050332232','default','SIP/test-00000087','SIP/195.138.68.114:5060-00000088','AGI','HANGUP',2,0,'NO ANSWER',3,'1','','1','37.203.7.151','37.203.7.151','sip:112233@188.138.82.158','sip:112233@37.203.7.151','Twinkle/1.4.2','ulaw','ulaw','0.000000','0.000000','0.000000','0.000000','1351801131.135','0.00000','0.00000','0.00000','0.00000',4,1,1),('2012-11-01 22:23:14','','112233','050332232','default','SIP/test-00000089','SIP/195.138.68.114:5060-0000008a','AGI','HANGUP',1,0,'NO ANSWER',3,'1','','1','37.203.7.151','37.203.7.151','sip:112233@188.138.82.158','sip:112233@37.203.7.151','Twinkle/1.4.2','ulaw','ulaw','0.000000','0.000000','0.000000','0.000000','1351801394.137','0.00000','0.00000','0.00000','0.00000',4,1,1),('2012-11-01 22:24:18','','112233','050332232','default','SIP/test-0000008b','SIP/195.138.68.114:5060-0000008c','AGI','HANGUP',1,0,'NO ANSWER',3,'1','','1','37.203.7.151','37.203.7.151','sip:112233@188.138.82.158','sip:112233@37.203.7.151','Twinkle/1.4.2','ulaw','ulaw','0.000000','0.000000','0.000000','0.000000','1351801458.139','0.00000','0.00000','0.00000','0.00000',4,1,1),('2012-11-01 22:24:35','','112233','050332232','default','SIP/test-0000008d','SIP/195.138.68.114:5060-0000008e','AGI','HANGUP',2,0,'NO ANSWER',3,'1','','1','37.203.7.151','37.203.7.151','sip:112233@188.138.82.158','sip:112233@37.203.7.151','Twinkle/1.4.2','ulaw','ulaw','0.000000','0.000000','0.000000','0.000000','1351801475.141','0.00000','0.00000','0.00000','0.00000',4,1,1),('2012-11-01 22:24:41','','112233','050332232','default','SIP/test-0000008f','SIP/195.138.68.114:5060-00000090','AGI','HANGUP',2,0,'NO ANSWER',3,'1','','1','37.203.7.151','37.203.7.151','sip:112233@188.138.82.158','sip:112233@37.203.7.151','Twinkle/1.4.2','ulaw','ulaw','0.000000','0.000000','0.000000','0.000000','1351801481.143','0.00000','0.00000','0.00000','0.00000',4,1,1),('2012-11-01 22:24:46','','112233','050332232','default','SIP/test-00000091','SIP/195.138.68.114:5060-00000092','AGI','HANGUP',1,0,'NO ANSWER',3,'1','','1','37.203.7.151','37.203.7.151','sip:112233@188.138.82.158','sip:112233@37.203.7.151','Twinkle/1.4.2','ulaw','ulaw','0.000000','0.000000','0.000000','0.000000','1351801486.145','0.00000','0.00000','0.00000','0.00000',4,1,1),('2012-11-01 22:24:54','','112233','050332232','default','SIP/test-00000093','SIP/195.138.68.114:5060-00000094','AGI','HANGUP',2,0,'NO ANSWER',3,'1','','1','37.203.7.151','37.203.7.151','sip:112233@188.138.82.158','sip:112233@37.203.7.151','Twinkle/1.4.2','ulaw','ulaw','0.000000','0.000000','0.000000','0.000000','1351801494.147','0.00000','0.00000','0.00000','0.00000',4,1,1),('2012-11-01 22:24:59','','112233','050332232','default','SIP/test-00000095','SIP/195.138.68.114:5060-00000096','AGI','HANGUP',1,0,'NO ANSWER',3,'1','','1','37.203.7.151','37.203.7.151','sip:112233@188.138.82.158','sip:112233@37.203.7.151','Twinkle/1.4.2','ulaw','ulaw','0.000000','0.000000','0.000000','0.000000','1351801499.149','0.00000','0.00000','0.00000','0.00000',4,1,1),('2012-11-01 23:13:08','','112233','050332239','default','SIP/test-0000009f','SIP/195.138.68.114:5060-000000a0','AGI','HANGUP',1,0,'NO ANSWER',3,'1','','1','37.203.7.151','37.203.7.151','sip:112233@188.138.82.158','sip:112233@37.203.7.151','Twinkle/1.4.2','ulaw','ulaw','0.000000','0.000000','0.000000','0.000000','1351804388.159','0.00000','0.00000','0.00000','0.00000',4,1,1),('2012-11-01 23:13:37','','112233','050332239','default','SIP/test-000000a1','SIP/195.138.68.114:5060-000000a2','AGI','HANGUP',1,0,'NO ANSWER',3,'1','','1','37.203.7.151','37.203.7.151','sip:112233@188.138.82.158','sip:112233@37.203.7.151','Twinkle/1.4.2','ulaw','ulaw','0.000000','0.000000','0.000000','0.000000','1351804417.161','0.00000','0.00000','0.00000','0.00000',4,1,1),('2012-11-02 14:21:26','','zoiper','11112','internal','SIP/zoiper-000000ac','SIP/11112-000000ad','Hangup','',1,0,'NO ANSWER',3,'4','','','','','','','','','','','','','','1351858886.172',NULL,NULL,NULL,NULL,NULL,NULL,NULL),('2012-11-02 14:22:13','','zoiper','11112','internal','SIP/zoiper-000000ae','SIP/11112-000000af','Hangup','',1,0,'NO ANSWER',3,'4','','','','','','','','','','','','','','1351858933.174',NULL,NULL,NULL,NULL,NULL,NULL,NULL),('2012-11-02 14:44:44','','zoiper','11112','internal','SIP/zoiper-000000b0','SIP/11112-000000b1','Hangup','',1,0,'NO ANSWER',3,'4','','','','','','','','','','','','','','1351860284.176',NULL,NULL,NULL,NULL,NULL,NULL,NULL),('2012-11-02 14:45:23','','zoiper','11112','internal','SIP/zoiper-000000b2','SIP/11112-000000b3','Hangup','',1,0,'NO ANSWER',3,'4','','','','','','','','','','','','','','1351860323.178',NULL,NULL,NULL,NULL,NULL,NULL,NULL),('2012-11-02 15:41:47','','zoiper','11112','internal','SIP/zoiper-000000b4','SIP/11112-000000b5','Hangup','',1,0,'NO ANSWER',3,'4','','','','','','','','','','','','','','1351863707.180',NULL,NULL,NULL,NULL,NULL,NULL,NULL),('2012-11-02 15:44:56','','zoiper','11112','internal','SIP/zoiper-000000b6','SIP/11112-000000b7','Dial','SIP/11112',4,2,'ANSWERED',3,'4','','','','','','','','','','','','','','1351863896.182',NULL,NULL,NULL,NULL,NULL,NULL,NULL),('2012-11-02 15:46:03','','zoiper','11112','internal','SIP/zoiper-000000b8','SIP/11112-000000b9','Hangup','',1,0,'NO ANSWER',3,'4','','','','','','','','','','','','','','1351863963.184',NULL,NULL,NULL,NULL,NULL,NULL,NULL),('2012-11-02 15:46:07','','zoiper','11112','internal','SIP/zoiper-000000ba','SIP/11112-000000bb','Hangup','',1,0,'NO ANSWER',3,'4','','','','','','','','','','','','','','1351863967.186',NULL,NULL,NULL,NULL,NULL,NULL,NULL),('2012-11-02 15:46:53','','zoiper','11112','internal','SIP/zoiper-000000bc','SIP/11112-000000bd','Dial','SIP/11112',2,0,'ANSWERED',3,'4','','','','','','','','','','','','','','1351864013.188',NULL,NULL,NULL,NULL,NULL,NULL,NULL),('2012-11-02 15:48:21','','zoiper','11112','internal','SIP/zoiper-000000be','SIP/11112-000000bf','Dial','SIP/11112',6,4,'ANSWERED',3,'4','','','','','','','','','','','','','','1351864101.190',NULL,NULL,NULL,NULL,NULL,NULL,NULL),('2012-11-02 16:45:34','','112233','050332239','default','SIP/test-000000c0','SIP/195.138.68.114:5060-000000c1','Dial','SIP/050332239@195.138.68.114:5060,,S(3000)',9,7,'ANSWERED',3,'1','','16','37.203.4.76','37.203.4.76','sip:112233@188.138.82.158','sip:112233@37.203.4.76','Twinkle/1.4.2','ulaw','ulaw','0.000000','34163.000000','0.004988','162304928.000000','1351867534.192','0.00114','2476.00000','0.00000','34163.00000',6,1,1),('2012-11-02 16:48:04','','112233','050332239','default','SIP/test-000000c2','SIP/195.138.68.114:5060-000000c3','Dial','SIP/050332239@195.138.68.114:5060,,S(3000)',8,6,'ANSWERED',3,'1','','16','37.203.4.76','37.203.4.76','sip:112233@188.138.82.158','sip:112233@37.203.4.76','Twinkle/1.4.2','ulaw','ulaw','0.000000','0.000000','0.003243','0.000000','1351867684.194','0.00095','0.00000','0.00000','0.00000',6,1,1),('2012-11-02 18:27:45','','112233','050332239','default','SIP/test-000000c4','SIP/195.138.68.114:5060-000000c5','Dial','SIP/050332239@195.138.68.114:5060,,S(3000)',9,7,'ANSWERED',3,'1','','16','37.203.4.76','37.203.4.76','sip:112233@188.138.82.158','sip:112233@37.203.4.76','Twinkle/1.4.2','ulaw','ulaw','0.000000','0.000000','0.003912','0.000000','1351873665.196','0.00181','0.00000','0.00000','0.00000',6,1,1),('2012-11-02 18:27:58','','112233','050332239','default','SIP/test-000000c6','SIP/195.138.68.114:5060-000000c7','Dial','SIP/050332239@195.138.68.114:5060,,S(3000)',5,3,'ANSWERED',3,'1','','16','37.203.4.76','37.203.4.76','sip:112233@188.138.82.158','sip:112233@37.203.4.76','Twinkle/1.4.2','ulaw','ulaw','0.000000','0.000000','0.002885','0.000000','1351873678.198','0.00178','0.00000','0.00000','0.00000',6,1,1),('2012-11-02 18:30:01','','112233','050332239','default','SIP/test-000000c8','SIP/195.138.68.114:5060-000000c9','Dial','SIP/050332239@195.138.68.114:5060,,S(3000)',7,5,'ANSWERED',3,'1','','16','37.203.4.76','37.203.4.76','sip:112233@188.138.82.158','sip:112233@37.203.4.76','Twinkle/1.4.2','ulaw','ulaw','0.000000','0.000000','0.003764','0.000000','1351873801.200','0.00133','0.00000','0.00000','0.00000',6,1,1),('2012-11-02 19:04:43','','112233','050332239','default','SIP/test-000000ca','SIP/195.138.68.114:5060-000000cb','Dial','SIP/050332239@195.138.68.114:5060,,S(3000)',9,7,'ANSWERED',3,'1','','16','37.203.4.76','37.203.4.76','sip:112233@188.138.82.158','sip:112233@37.203.4.76','Twinkle/1.4.2','ulaw','ulaw','0.000000','27763.000000','0.002372','163263184.000000','1351875883.202','0.00087','2491.00000','0.00000','27763.00000',6,1,1),('2012-11-02 19:05:00','','112233','050332239','default','SIP/test-000000cc','SIP/195.138.68.114:5060-000000cd','Dial','SIP/050332239@195.138.68.114:5060,,S(2940)',9,7,'ANSWERED',3,'1','','16','37.203.4.76','37.203.4.76','sip:112233@188.138.82.158','sip:112233@37.203.4.76','Twinkle/1.4.2','ulaw','ulaw','0.000000','44223.000000','0.002448','162015104.000000','1351875900.204','0.00063','2472.00000','0.00000','44223.00000',6,1,1),('2012-11-02 20:32:19','','112233','050332239','default','SIP/test-000000ce','SIP/195.138.68.114:5060-000000cf','Dial','SIP/050332239@195.138.68.114:5060,,S(2940)',6,3,'ANSWERED',3,'1','','16','37.203.4.76','37.203.4.76','sip:112233@188.138.82.158','sip:112233@37.203.4.76','Twinkle/1.4.2','ulaw','ulaw','0.000000','0.000000','0.002639','0.000000','1351881139.206','0.00174','0.00000','0.00000','0.00000',6,1,1),('2012-11-02 21:00:14','','112233','050332239','default','SIP/test-000000d4','SIP/195.138.68.114:5060-000000d5','Dial','SIP/050332239@195.138.68.114:5060,,S(3600)',9,7,'ANSWERED',3,'1','','16','37.203.4.76','37.203.4.76','sip:112233@188.138.82.158','sip:112233@37.203.4.76','Twinkle/1.4.2','ulaw','ulaw','0.000000','0.000000','0.003828','0.000000','1351882814.212','0.00323','0.00000','0.00000','0.00000',4,1,1),('2012-11-02 21:03:52','','112233','050332239','default','SIP/test-000000d6','SIP/195.138.68.114:5060-000000d7','Dial','SIP/050332239@195.138.68.114:5060,,S(3600)',4,2,'ANSWERED',3,'1','','16','37.203.4.76','37.203.4.76','sip:112233@188.138.82.158','sip:112233@37.203.4.76','Twinkle/1.4.2','ulaw','ulaw','0.000000','0.000000','0.002430','0.000000','1351883032.214','0.00110','0.00000','0.00000','0.00000',4,1,1),('2012-11-02 20:43:31','','112233','050332239','default','SIP/test-000000d1','SIP/195.138.68.114:5060-000000d2','Dial','SIP/050332239@195.138.68.114:5060,,S(2940)',2942,2940,'ANSWERED',3,'1','','16','37.203.4.76','37.203.4.76','sip:112233@188.138.82.158','sip:112233@37.203.4.76','Twinkle/1.4.2','ulaw','ulaw','0.000000','28993.000000','0.006278','174194592.000000','1351881811.209','0.00398','2489.00000','0.00000','28993.00000',6,1,1),('2012-11-02 22:28:05','','112233','050332239','default','SIP/test-000000d8','SIP/195.138.68.114:5060-000000d9','Dial','SIP/050332239@195.138.68.114:5060,,S(3600)',10,8,'ANSWERED',3,'1','','16','37.203.4.76','37.203.4.76','sip:112233@188.138.82.158','sip:112233@37.203.4.76','Twinkle/1.4.2','ulaw','ulaw','0.000000','32134.000000','0.004647','160604032.000000','1351888085.216','0.00420','2450.00000','0.00000','32134.00000',4,1,1),('2012-11-02 22:28:45','','112233','050332239','default','SIP/test-000000da','SIP/195.138.68.114:5060-000000db','Dial','SIP/050332239@195.138.68.114:5060,,S(3600)',14,12,'ANSWERED',3,'1','','16','37.203.4.76','37.203.4.76','sip:112233@188.138.82.158','sip:112233@37.203.4.76','Twinkle/1.4.2','ulaw','ulaw','0.000000','12122.000000','0.004832','161819968.000000','1351888125.218','0.00398','2469.00000','0.00000','12122.00000',4,1,1),('2012-11-02 22:29:47','','112233','050332239','default','SIP/test-000000dc','SIP/195.138.68.114:5060-000000dd','Dial','SIP/050332239@195.138.68.114:5060,,S(3600)',10,7,'ANSWERED',3,'1','','16','37.203.4.76','37.203.4.76','sip:112233@188.138.82.158','sip:112233@37.203.4.76','Twinkle/1.4.2','ulaw','ulaw','0.000000','0.000000','0.005116','0.000000','1351888187.220','0.00406','0.00000','0.00000','0.00000',4,1,1),('2012-11-03 00:33:45','','112233','050332239','default','SIP/test-000000de','SIP/195.138.68.114:5060-000000df','Dial','SIP/050332239@195.138.68.114:5060,,S(3000)',8,6,'ANSWERED',3,'1','','16','37.203.4.76','37.203.4.76','sip:112233@188.138.82.158','sip:112233@37.203.4.76','Twinkle/1.4.2','ulaw','ulaw','0.000000','0.000000','0.002557','0.000000','1351895625.222','0.00189','0.00000','0.00000','0.00000',6,1,1),('2012-11-03 00:34:12','','112233','050332239','default','SIP/test-000000e0','SIP/195.138.68.114:5060-000000e1','Dial','SIP/050332239@195.138.68.114:5060,,S(3000)',8,6,'ANSWERED',3,'1','','16','37.203.4.76','37.203.4.76','sip:112233@188.138.82.158','sip:112233@37.203.4.76','Twinkle/1.4.2','ulaw','ulaw','0.000000','53292.000000','0.003390','167514368.000000','1351895652.224','0.00179','2556.00000','0.00000','53292.00000',6,1,1),('2012-11-03 00:34:42','','112233','050332239','default','SIP/test-000000e2','SIP/195.138.68.114:5060-000000e3','Dial','SIP/050332239@195.138.68.114:5060,,S(3000)',8,5,'ANSWERED',3,'1','','16','37.203.4.76','37.203.4.76','sip:112233@188.138.82.158','sip:112233@37.203.4.76','Twinkle/1.4.2','ulaw','ulaw','0.000000','0.000000','0.002620','0.000000','1351895682.226','0.00168','0.00000','0.00000','0.00000',6,1,1),('2012-11-03 00:35:10','','112233','050332239','default','SIP/test-000000e4','SIP/195.138.68.114:5060-000000e5','Dial','SIP/050332239@195.138.68.114:5060,,S(3600)',9,7,'ANSWERED',3,'1','','16','37.203.4.76','37.203.4.76','sip:112233@188.138.82.158','sip:112233@37.203.4.76','Twinkle/1.4.2','ulaw','ulaw','0.000000','0.000000','0.002406','0.000000','1351895710.228','0.00131','0.00000','0.00000','0.00000',4,1,1),('2012-11-03 00:35:55','','112233','050332239','default','SIP/test-000000e6','SIP/195.138.68.114:5060-000000e7','Dial','SIP/050332239@195.138.68.114:5060,,S(3600)',7,4,'ANSWERED',3,'1','','16','37.203.4.76','37.203.4.76','sip:112233@188.138.82.158','sip:112233@37.203.4.76','Twinkle/1.4.2','ulaw','ulaw','0.000000','0.000000','0.003219','0.000000','1351895755.230','0.00147','0.00000','0.00000','0.00000',4,1,1),('2012-11-07 20:29:29','','112233','050112233','default','SIP/test-00000028','SIP/195.138.68.114:5060-00000029','Dial','SIP/050112233@195.138.68.114:5060,,S(120)',8,6,'ANSWERED',3,'1','','16','212.178.16.93','212.178.16.93','sip:112233@188.138.82.158','sip:112233@212.178.16.93','Twinkle/1.4.2','ulaw','ulaw','0.000000','0.000000','0.003176','0.000000','1352312969.40','0.00180','0.00000','0.00000','0.00000',3,1,1),('2012-11-07 20:30:59','','112233','050112233','default','SIP/test-0000002a','SIP/195.138.68.114:5060-0000002b','Dial','SIP/050112233@195.138.68.114:5060,,S(120)',8,6,'ANSWERED',3,'1','','16','212.178.16.93','212.178.16.93','sip:112233@188.138.82.158','sip:112233@212.178.16.93','Twinkle/1.4.2','ulaw','ulaw','0.000000','0.000000','0.002031','0.000000','1352313059.42','0.00067','0.00000','0.00000','0.00000',3,1,1),('2012-11-07 20:33:50','','112233','050112233','default','SIP/test-0000002c','SIP/195.138.68.114:5060-0000002d','Dial','SIP/050112233@195.138.68.114:5060,,S(120)',5,2,'ANSWERED',3,'1','','16','212.178.16.93','212.178.16.93','sip:112233@188.138.82.158','sip:112233@212.178.16.93','Twinkle/1.4.2','ulaw','ulaw','0.000000','0.000000','0.001903','0.000000','1352313230.44','0.00089','0.00000','0.00000','0.00000',3,1,1),('2012-11-09 22:14:27','','112233','050332233','default','SIP/test-00000000','SIP/195.138.68.114:5060-00000001','Dial','SIP/050332233@195.138.68.114:5060,,',5,3,'ANSWERED',3,'1','','16','188.115.135.184','188.115.135.184','sip:112233@85.114.141.80','sip:112233@188.115.135.184','Twinkle/1.4.2','ulaw','ulaw','0.000000','0.000000','0.003760','0.000000','1352495667.0','0.00244','0.00000','0.00000','0.00000',3,1,1),('2012-11-09 22:14:55','','112233','050332233','default','SIP/test-00000002','SIP/195.138.68.114:5060-00000003','Dial','SIP/050332233@195.138.68.114:5060,,',6,4,'ANSWERED',3,'1','','16','188.115.135.184','188.115.135.184','sip:112233@85.114.141.80','sip:112233@188.115.135.184','Twinkle/1.4.2','ulaw','ulaw','0.000000','0.000000','0.002886','0.000000','1352495695.2','0.00082','0.00000','0.00000','0.00000',3,1,1),('2012-11-09 22:20:09','','112233','050332233','default','SIP/test-00000004','SIP/195.138.68.114:5060-00000005','Dial','SIP/050332233@195.138.68.114:5060,,',3,1,'ANSWERED',3,'1','','16','188.115.135.184','188.115.135.184','sip:112233@85.114.141.80','sip:112233@188.115.135.184','Twinkle/1.4.2','ulaw','ulaw','0.000000','0.000000','0.001645','0.000000','1352496009.4','0.00101','0.00000','0.00000','0.00000',3,1,1),('2012-11-09 22:21:54','','112233','050332233','default','SIP/test-00000006','SIP/195.138.68.114:5060-00000007','Dial','SIP/050332233@195.138.68.114:5060,,',2,0,'NO ANSWER',3,'1','','0','188.115.135.184','188.115.135.184','sip:112233@85.114.141.80','sip:112233@188.115.135.184','Twinkle/1.4.2','ulaw','ulaw','0.000000','0.000000','0.000000','0.000000','1352496114.6','0.00000','0.00000','0.00000','0.00000',3,1,1),('2012-11-09 22:25:38','','112233','050332233','default','SIP/test-00000008','SIP/195.138.68.114:5060-00000009','Dial','SIP/050332233@195.138.68.114:5060,,',10,0,'NO ANSWER',3,'1','','0','188.115.135.184','188.115.135.184','sip:112233@85.114.141.80','sip:112233@188.115.135.184','Twinkle/1.4.2','ulaw','ulaw','0.000000','0.000000','0.000000','0.000000','1352496338.8','0.00000','0.00000','0.00000','0.00000',3,1,1),('2012-11-09 22:25:50','','112233','050332233','default','SIP/test-0000000a','SIP/195.138.68.114:5060-0000000b','Dial','SIP/050332233@195.138.68.114:5060,,',5,2,'ANSWERED',3,'1','','16','188.115.135.184','188.115.135.184','sip:112233@85.114.141.80','sip:112233@188.115.135.184','Twinkle/1.4.2','ulaw','ulaw','0.000000','0.000000','0.004185','0.000000','1352496350.10','0.00064','0.00000','0.00000','0.00000',3,1,1),('2012-11-09 22:26:13','','112233','050332233','default','SIP/test-0000000c','SIP/195.138.68.114:5060-0000000d','Dial','SIP/050332233@195.138.68.114:5060,,',4,1,'ANSWERED',3,'1','','16','188.115.135.184','188.115.135.184','sip:112233@85.114.141.80','sip:112233@188.115.135.184','Twinkle/1.4.2','ulaw','ulaw','0.000000','0.000000','0.002155','0.000000','1352496373.12','0.00216','0.00000','0.00000','0.00000',3,1,1),('2012-11-09 22:28:59','','112233','050332233','default','SIP/test-00000010','SIP/195.138.68.114:5060-00000011','Dial','SIP/050332233@195.138.68.114:5060,,',5,3,'ANSWERED',3,'1','','16','188.115.135.184','188.115.135.184','sip:112233@85.114.141.80','sip:112233@188.115.135.184','Twinkle/1.4.2','ulaw','ulaw','0.000000','0.000000','0.002452','0.000000','1352496539.16','0.00045','0.00000','0.00000','0.00000',3,1,1),('2012-11-09 22:31:32','','112233','050332233','default','SIP/test-00000012','SIP/195.138.68.114:5060-00000013','Dial','SIP/050332233@195.138.68.114:5060,,',3,1,'ANSWERED',3,'1','','16','188.115.135.184','188.115.135.184','sip:112233@85.114.141.80','sip:112233@188.115.135.184','Twinkle/1.4.2','ulaw','ulaw','0.000000','0.000000','0.002430','0.000000','1352496692.18','0.00243','0.00000','0.00000','0.00000',3,1,1),('2012-11-10 00:22:13','','112233','050332233','default','SIP/test-00000015','SIP/195.138.68.114:5060-00000016','Dial','SIP/050332233@195.138.68.114:5060,,',5,3,'ANSWERED',3,'1','','16','188.115.135.184','188.115.135.184','sip:112233@85.114.141.80','sip:112233@188.115.135.184','Twinkle/1.4.2','ulaw','ulaw','0.000000','0.000000','0.001448','0.000000','1352503333.21','0.00107','0.00000','0.00000','0.00000',3,1,1),('2012-11-10 00:23:39','','112233','050332233','default','SIP/test-00000019','SIP/195.138.68.114:5060-0000001a','Dial','SIP/050332233@195.138.68.114:5060,,',5,3,'ANSWERED',3,'1','','16','188.115.135.184','188.115.135.184','sip:112233@85.114.141.80','sip:112233@188.115.135.184','Twinkle/1.4.2','ulaw','ulaw','0.000000','0.000000','0.001745','0.000000','1352503419.25','0.00119','0.00000','0.00000','0.00000',3,1,1),('2012-11-10 00:24:13','','112233','050332233','default','SIP/test-0000001b','SIP/195.138.68.114:5060-0000001c','Dial','SIP/050332233@195.138.68.114:5060,,',4,1,'ANSWERED',3,'1','','16','188.115.135.184','188.115.135.184','sip:112233@85.114.141.80','sip:112233@188.115.135.184','Twinkle/1.4.2','ulaw','ulaw','0.000000','0.000000','0.002794','0.000000','1352503453.27','0.00129','0.00000','0.00000','0.00000',3,1,1),('2012-11-10 01:53:30','','112233','050332233','default','SIP/test-0000001d','SIP/195.138.68.114:5060-0000001e','Dial','SIP/050332233@195.138.68.114:5060,,',6,4,'ANSWERED',3,'1','','16','188.115.135.184','188.115.135.184','sip:112233@85.114.141.80','sip:112233@188.115.135.184','Twinkle/1.4.2','ulaw','ulaw','0.000000','0.000000','0.002578','0.000000','1352508810.29','0.00142','0.00000','0.00000','0.00000',3,1,1),('2012-11-10 01:54:55','','112233','050332233','default','SIP/test-0000001f','SIP/195.138.68.114:5060-00000020','Dial','SIP/050332233@195.138.68.114:5060,,',4,2,'ANSWERED',3,'1','','16','188.115.135.184','188.115.135.184','sip:112233@85.114.141.80','sip:112233@188.115.135.184','Twinkle/1.4.2','ulaw','ulaw','0.000000','0.000000','0.001205','0.000000','1352508895.31','0.00032','0.00000','0.00000','0.00000',3,1,1),('2012-11-10 01:57:02','','112233','050332233','default','SIP/test-00000022','SIP/195.138.68.114:5060-00000023','Dial','SIP/050332233@195.138.68.114:5060,,',4,2,'ANSWERED',3,'1','','16','188.115.135.184','188.115.135.184','sip:112233@85.114.141.80','sip:112233@188.115.135.184','Twinkle/1.4.2','ulaw','ulaw','0.000000','0.000000','0.002089','0.000000','1352509022.34','0.00097','0.00000','0.00000','0.00000',3,1,1),('2012-11-10 09:39:15','','112233','050332233','default','SIP/test-00000027','SIP/195.138.68.114:5060-00000028','Dial','SIP/050332233@195.138.68.114:5060,,',8,6,'ANSWERED',3,'1','','16','212.178.24.119','212.178.24.119','sip:112233@85.114.141.80','sip:112233@212.178.24.119','Twinkle/1.4.2','ulaw','ulaw','0.000000','0.000000','0.006793','0.000000','1352536755.39','0.00409','0.00000','0.00000','0.00000',3,1,1),('2012-11-10 09:41:10','','112233','050332233','default','SIP/test-0000002a','SIP/195.138.68.114:5060-0000002b','Dial','SIP/050332233@195.138.68.114:5060,,',4,2,'ANSWERED',3,'1','','16','212.178.24.119','212.178.24.119','sip:112233@85.114.141.80','sip:112233@212.178.24.119','Twinkle/1.4.2','ulaw','ulaw','0.000000','0.000000','0.001760','0.000000','1352536870.42','0.00145','0.00000','0.00000','0.00000',3,1,1),('2012-11-10 09:42:41','','112233','050332233','default','SIP/test-0000002d','SIP/195.138.68.114:5060-0000002e','Dial','SIP/050332233@195.138.68.114:5060,,',3,1,'ANSWERED',3,'1','','16','212.178.24.119','212.178.24.119','sip:112233@85.114.141.80','sip:112233@212.178.24.119','Twinkle/1.4.2','ulaw','ulaw','0.000000','0.000000','0.001654','0.000000','1352536961.45','0.00038','0.00000','0.00000','0.00000',3,1,1),('2012-11-10 09:43:31','','112233','050332233','default','SIP/test-00000030','SIP/195.138.68.114:5060-00000031','Dial','SIP/050332233@195.138.68.114:5060,,',3,1,'ANSWERED',3,'1','','16','212.178.24.119','212.178.24.119','sip:112233@85.114.141.80','sip:112233@212.178.24.119','Twinkle/1.4.2','ulaw','ulaw','0.000000','0.000000','0.002427','0.000000','1352537011.48','0.00230','0.00000','0.00000','0.00000',3,1,1),('2012-11-10 09:46:29','','112233','050332233','default','SIP/test-00000032','SIP/195.138.68.114:5060-00000033','Dial','SIP/050332233@195.138.68.114:5060,,',3,1,'ANSWERED',3,'1','','16','212.178.24.119','212.178.24.119','sip:112233@85.114.141.80','sip:112233@212.178.24.119','Twinkle/1.4.2','ulaw','ulaw','0.000000','0.000000','0.000511','0.000000','1352537189.50','0.00051','0.00000','0.00000','0.00000',3,1,1),('2012-11-10 09:48:22','','112233','050332233','default','SIP/test-00000034','SIP/195.138.68.114:5060-00000035','Dial','SIP/050332233@195.138.68.114:5060,,',7,5,'ANSWERED',3,'1','','16','212.178.24.119','212.178.24.119','sip:112233@85.114.141.80','sip:112233@212.178.24.119','Twinkle/1.4.2','ulaw','ulaw','0.000000','0.000000','0.002909','0.000000','1352537302.52','0.00174','0.00000','0.00000','0.00000',3,1,1),('2012-11-10 09:49:15','','112233','050332233','default','SIP/test-00000036','SIP/195.138.68.114:5060-00000037','Dial','SIP/050332233@195.138.68.114:5060,,',9,6,'ANSWERED',3,'1','','16','212.178.24.119','212.178.24.119','sip:112233@85.114.141.80','sip:112233@212.178.24.119','Twinkle/1.4.2','ulaw','ulaw','0.000000','0.000000','0.003107','0.000000','1352537355.54','0.00105','0.00000','0.00000','0.00000',3,1,1),('2012-11-10 09:49:28','','112233','050332233','default','SIP/test-00000038','SIP/195.138.68.114:5060-00000039','Dial','SIP/050332233@195.138.68.114:5060,,',9,6,'ANSWERED',3,'1','','16','212.178.24.119','212.178.24.119','sip:112233@85.114.141.80','sip:112233@212.178.24.119','Twinkle/1.4.2','ulaw','ulaw','0.000000','13837.000000','0.003019','161380336.000000','1352537368.56','0.00113','2462.00000','0.00000','13837.00000',3,1,1),('2012-11-10 09:49:41','','112233','050332233','default','SIP/test-0000003a','SIP/195.138.68.114:5060-0000003b','Dial','SIP/050332233@195.138.68.114:5060,,',9,6,'ANSWERED',3,'1','','16','212.178.24.119','212.178.24.119','sip:112233@85.114.141.80','sip:112233@212.178.24.119','Twinkle/1.4.2','ulaw','ulaw','0.000000','0.000000','0.002202','0.000000','1352537381.58','0.00085','0.00000','0.00000','0.00000',3,1,1),('2012-11-10 09:49:54','','112233','050332233','default','SIP/test-0000003c','SIP/195.138.68.114:5060-0000003d','Dial','SIP/050332233@195.138.68.114:5060,,',9,7,'ANSWERED',3,'1','','16','212.178.24.119','212.178.24.119','sip:112233@85.114.141.80','sip:112233@212.178.24.119','Twinkle/1.4.2','ulaw','ulaw','0.000000','0.000000','0.004262','0.000000','1352537394.60','0.00184','0.00000','0.00000','0.00000',3,1,1),('2012-11-10 09:50:06','','112233','050332233','default','SIP/test-0000003e','SIP/195.138.68.114:5060-0000003f','Dial','SIP/050332233@195.138.68.114:5060,,',9,7,'ANSWERED',3,'1','','16','212.178.24.119','212.178.24.119','sip:112233@85.114.141.80','sip:112233@212.178.24.119','Twinkle/1.4.2','ulaw','ulaw','0.000000','2212.000000','0.002981','159726656.000000','1352537406.62','0.00083','2437.00000','0.00000','2212.00000',3,1,1),('2012-11-10 09:50:20','','112233','050332233','default','SIP/test-00000040','SIP/195.138.68.114:5060-00000041','Dial','SIP/050332233@195.138.68.114:5060,,',8,6,'ANSWERED',3,'1','','16','212.178.24.119','212.178.24.119','sip:112233@85.114.141.80','sip:112233@212.178.24.119','Twinkle/1.4.2','ulaw','ulaw','0.000000','54429.000000','0.002561','163626800.000000','1352537420.64','0.00090','2496.00000','0.00000','54429.00000',3,1,1),('2012-11-10 09:50:35','','112233','050332233','default','SIP/test-00000042','SIP/195.138.68.114:5060-00000043','Dial','SIP/050332233@195.138.68.114:5060,,',8,6,'ANSWERED',3,'1','','16','212.178.24.119','212.178.24.119','sip:112233@85.114.141.80','sip:112233@212.178.24.119','Twinkle/1.4.2','ulaw','ulaw','0.000000','0.000000','0.002250','0.000000','1352537435.66','0.00066','0.00000','0.00000','0.00000',3,1,1),('2012-11-10 09:53:48','','112233','050332233','default','SIP/test-00000044','SIP/195.138.68.114:5060-00000045','Dial','SIP/050332233@195.138.68.114:5060,,',5,2,'ANSWERED',3,'1','','16','212.178.24.119','212.178.24.119','sip:112233@85.114.141.80','sip:112233@212.178.24.119','Twinkle/1.4.2','ulaw','ulaw','0.000000','0.000000','0.002333','0.000000','1352537628.68','0.00176','0.00000','0.00000','0.00000',3,1,1),('2012-11-10 09:55:44','','112233','050332233','default','SIP/test-00000046','SIP/195.138.68.114:5060-00000047','Dial','SIP/050332233@195.138.68.114:5060,,',8,5,'ANSWERED',3,'1','','16','212.178.24.119','212.178.24.119','sip:112233@85.114.141.80','sip:112233@212.178.24.119','Twinkle/1.4.2','ulaw','ulaw','0.000000','0.000000','0.008948','0.000000','1352537744.70','0.00425','0.00000','0.00000','0.00000',3,1,1),('2012-11-10 09:55:53','','112233','050332233','default','SIP/test-00000048','SIP/195.138.68.114:5060-00000049','Dial','SIP/050332233@195.138.68.114:5060,,',9,6,'ANSWERED',3,'1','','16','212.178.24.119','212.178.24.119','sip:112233@85.114.141.80','sip:112233@212.178.24.119','Twinkle/1.4.2','ulaw','ulaw','0.000000','64541.000000','0.003828','161164480.000000','1352537753.72','0.00062','2459.00000','0.00000','64541.00000',3,1,1),('2012-11-10 09:56:04','','112233','050332233','default','SIP/test-0000004a','SIP/195.138.68.114:5060-0000004b','Dial','SIP/050332233@195.138.68.114:5060,,',8,6,'ANSWERED',3,'1','','16','212.178.24.119','212.178.24.119','sip:112233@85.114.141.80','sip:112233@212.178.24.119','Twinkle/1.4.2','ulaw','ulaw','0.000000','0.000000','0.002457','0.000000','1352537764.74','0.00192','0.00000','0.00000','0.00000',3,1,1),('2012-11-10 09:56:19','','112233','050332233','default','SIP/test-0000004c','SIP/195.138.68.114:5060-0000004d','Dial','SIP/050332233@195.138.68.114:5060,,',8,6,'ANSWERED',3,'1','','16','212.178.24.119','212.178.24.119','sip:112233@85.114.141.80','sip:112233@212.178.24.119','Twinkle/1.4.2','ulaw','ulaw','0.000000','0.000000','0.002532','0.000000','1352537779.76','0.00093','0.00000','0.00000','0.00000',3,1,1),('2012-11-10 09:56:46','','112233','050332233','default','SIP/test-0000004e','SIP/195.138.68.114:5060-0000004f','Dial','SIP/050332233@195.138.68.114:5060,,',8,6,'ANSWERED',3,'1','','16','212.178.24.119','212.178.24.119','sip:112233@85.114.141.80','sip:112233@212.178.24.119','Twinkle/1.4.2','ulaw','ulaw','0.000000','47217.000000','0.008246','162814464.000000','1352537806.78','0.00705','2484.00000','0.00000','47217.00000',3,1,1),('2012-11-10 09:56:57','','112233','050332233','default','SIP/test-00000050','SIP/195.138.68.114:5060-00000051','Dial','SIP/050332233@195.138.68.114:5060,,',8,6,'ANSWERED',3,'1','','16','212.178.24.119','212.178.24.119','sip:112233@85.114.141.80','sip:112233@212.178.24.119','Twinkle/1.4.2','ulaw','ulaw','0.000000','0.000000','0.001826','0.000000','1352537817.80','0.00055','0.00000','0.00000','0.00000',3,1,1),('2012-11-10 10:00:54','','112233','050332233','default','SIP/test-00000057','SIP/195.138.68.114:5060-00000058','Dial','SIP/050332233@195.138.68.114:5060,,',7,4,'ANSWERED',3,'1','','16','212.178.24.119','212.178.24.119','sip:112233@85.114.141.80','sip:112233@212.178.24.119','Twinkle/1.4.2','ulaw','ulaw','0.000000','0.000000','0.003474','0.000000','1352538054.87','0.00149','0.00000','0.00000','0.00000',3,1,1),('2012-11-10 10:21:57','','112233','050332233','default','SIP/test-00000068','SIP/195.138.68.114:5060-00000069','Dial','SIP/050332233@195.138.68.114:5060,,',7,5,'ANSWERED',3,'1','','16','212.178.24.119','212.178.24.119','sip:112233@85.114.141.80','sip:112233@212.178.24.119','Twinkle/1.4.2','ulaw','ulaw','0.000000','0.000000','0.013705','0.000000','1352539317.104','0.01312','0.00000','0.00000','0.00000',3,1,1),('2012-11-10 10:23:37','','112233','050332233','default','SIP/test-0000006a','SIP/195.138.68.114:5060-0000006b','Dial','SIP/050332233@195.138.68.114:5060,,',6,4,'ANSWERED',3,'1','','16','212.178.24.119','212.178.24.119','sip:112233@85.114.141.80','sip:112233@212.178.24.119','Twinkle/1.4.2','ulaw','ulaw','0.000000','0.000000','0.008167','0.000000','1352539417.106','0.00781','0.00000','0.00000','0.00000',3,1,1),('2012-11-10 10:37:55','','112233','050332233','default','SIP/test-0000006c','SIP/195.138.68.114:5060-0000006d','Dial','SIP/050332233@195.138.68.114:5060,,',9,6,'ANSWERED',3,'1','','16','212.178.24.119','212.178.24.119','sip:112233@85.114.141.80','sip:112233@212.178.24.119','Twinkle/1.4.2','ulaw','ulaw','0.000000','44609.000000','0.002977','159915424.000000','1352540275.108','0.00203','2440.00000','0.00000','44609.00000',3,1,1),('2012-11-10 10:39:07','','112233','050332233','default','SIP/test-0000006e','SIP/195.138.68.114:5060-0000006f','Dial','SIP/050332233@195.138.68.114:5060,,',4,1,'ANSWERED',3,'1','','16','212.178.24.119','212.178.24.119','sip:112233@85.114.141.80','sip:112233@212.178.24.119','Twinkle/1.4.2','ulaw','ulaw','0.000000','0.000000','0.008246','0.000000','1352540347.110','0.00825','0.00000','0.00000','0.00000',3,1,1),('2012-11-10 10:42:53','','112233','050332233','default','SIP/test-00000070','SIP/195.138.68.114:5060-00000071','Dial','SIP/050332233@195.138.68.114:5060,,',4,2,'ANSWERED',3,'1','','16','212.178.24.119','212.178.24.119','sip:112233@85.114.141.80','sip:112233@212.178.24.119','Twinkle/1.4.2','ulaw','ulaw','0.000000','0.000000','0.002591','0.000000','1352540573.112','0.00252','0.00000','0.00000','0.00000',3,1,1),('2012-11-10 10:43:11','','112233','050332233','default','SIP/test-00000072','SIP/195.138.68.114:5060-00000073','Dial','SIP/050332233@195.138.68.114:5060,,',6,4,'ANSWERED',3,'1','','16','212.178.24.119','212.178.24.119','sip:112233@85.114.141.80','sip:112233@212.178.24.119','Twinkle/1.4.2','ulaw','ulaw','0.000000','0.000000','0.002226','0.000000','1352540591.114','0.00109','0.00000','0.00000','0.00000',3,1,1),('2012-11-10 11:32:22','','112233','050332233','default','SIP/test-00000075','SIP/195.138.68.114:5060-00000076','Dial','SIP/050332233@195.138.68.114:5060,,',9,7,'ANSWERED',3,'1','','16','212.178.24.119','212.178.24.119','sip:112233@85.114.141.80','sip:112233@212.178.24.119','Twinkle/1.4.2','ulaw','ulaw','0.000000','22942.000000','0.003544','168434272.000000','1352543542.117','0.00075','2570.00000','0.00000','22942.00000',3,1,1),('2012-11-10 11:34:12','','112233','050332233','default','SIP/test-00000077','SIP/195.138.68.114:5060-00000078','Dial','SIP/050332233@195.138.68.114:5060,,',4,2,'ANSWERED',3,'1','','16','212.178.24.119','212.178.24.119','sip:112233@85.114.141.80','sip:112233@212.178.24.119','Twinkle/1.4.2','ulaw','ulaw','0.000000','0.000000','0.009852','0.000000','1352543652.119','0.00935','0.00000','0.00000','0.00000',3,1,1),('2012-11-10 11:34:38','','112233','050332233','default','SIP/test-00000079','SIP/195.138.68.114:5060-0000007a','Dial','SIP/050332233@195.138.68.114:5060,,',3,1,'ANSWERED',3,'1','','16','212.178.24.119','212.178.24.119','sip:112233@85.114.141.80','sip:112233@212.178.24.119','Twinkle/1.4.2','ulaw','ulaw','0.000000','0.000000','0.002084','0.000000','1352543678.121','0.00128','0.00000','0.00000','0.00000',3,1,1),('2012-11-10 11:35:14','','112233','050332233','default','SIP/test-0000007b','SIP/195.138.68.114:5060-0000007c','Dial','SIP/050332233@195.138.68.114:5060,,',7,5,'ANSWERED',3,'1','','16','212.178.24.119','212.178.24.119','sip:112233@85.114.141.80','sip:112233@212.178.24.119','Twinkle/1.4.2','ulaw','ulaw','0.000000','0.000000','0.002799','0.000000','1352543714.123','0.00149','0.00000','0.00000','0.00000',3,1,1),('2012-11-10 11:35:49','','112233','050332233','default','SIP/test-0000007d','SIP/195.138.68.114:5060-0000007e','Dial','SIP/050332233@195.138.68.114:5060,,',8,6,'ANSWERED',3,'1','','16','212.178.24.119','212.178.24.119','sip:112233@85.114.141.80','sip:112233@212.178.24.119','Twinkle/1.4.2','ulaw','ulaw','0.000000','0.000000','0.002386','0.000000','1352543749.125','0.00126','0.00000','0.00000','0.00000',3,1,1),('2012-11-10 11:36:53','','112233','050332233','default','SIP/test-0000007f','SIP/195.138.68.114:5060-00000080','Dial','SIP/050332233@195.138.68.114:5060,,',3,1,'ANSWERED',3,'1','','16','212.178.24.119','212.178.24.119','sip:112233@85.114.141.80','sip:112233@212.178.24.119','Twinkle/1.4.2','ulaw','ulaw','0.000000','0.000000','0.001990','0.000000','1352543813.127','0.00111','0.00000','0.00000','0.00000',3,1,1),('2012-11-10 11:37:48','','112233','050332233','default','SIP/test-00000081','SIP/195.138.68.114:5060-00000082','Dial','SIP/050332233@195.138.68.114:5060,,',3,1,'ANSWERED',3,'1','','16','212.178.24.119','212.178.24.119','sip:112233@85.114.141.80','sip:112233@212.178.24.119','Twinkle/1.4.2','ulaw','ulaw','0.000000','0.000000','0.001404','0.000000','1352543868.129','0.00091','0.00000','0.00000','0.00000',3,1,1),('2012-11-10 11:38:26','','112233','050332233','default','SIP/test-00000083','SIP/195.138.68.114:5060-00000084','Dial','SIP/050332233@195.138.68.114:5060,,',2,0,'ANSWERED',3,'1','','16','212.178.24.119','212.178.24.119','sip:112233@85.114.141.80','sip:112233@212.178.24.119','Twinkle/1.4.2','ulaw','ulaw','0.000000','0.000000','0.000000','0.000000','1352543906.131','0.00000','0.00000','0.00000','0.00000',3,1,1),('2012-11-10 11:38:52','','112233','050332233','default','SIP/test-00000085','SIP/195.138.68.114:5060-00000086','Dial','SIP/050332233@195.138.68.114:5060,,',3,0,'ANSWERED',3,'1','','16','212.178.24.119','212.178.24.119','sip:112233@85.114.141.80','sip:112233@212.178.24.119','Twinkle/1.4.2','ulaw','ulaw','0.000000','0.000000','0.002072','0.000000','1352543932.133','0.00128','0.00000','0.00000','0.00000',3,1,1),('2012-11-10 11:39:55','','112233','050332233','default','SIP/test-00000089','SIP/195.138.68.114:5060-0000008a','Dial','SIP/050332233@195.138.68.114:5060,,',9,6,'ANSWERED',3,'1','','16','212.178.24.119','212.178.24.119','sip:112233@85.114.141.80','sip:112233@212.178.24.119','Twinkle/1.4.2','ulaw','ulaw','0.000000','4259.000000','0.002894','169304608.000000','1352543995.137','0.00235','2583.00000','0.00000','4259.00000',3,1,1),('2012-11-10 11:40:44','','112233','050332233','default','SIP/test-0000008b','SIP/195.138.68.114:5060-0000008c','Dial','SIP/050332233@195.138.68.114:5060,,',3,1,'ANSWERED',3,'1','','16','212.178.24.119','212.178.24.119','sip:112233@85.114.141.80','sip:112233@212.178.24.119','Twinkle/1.4.2','ulaw','ulaw','0.000000','0.000000','0.000929','0.000000','1352544044.139','0.00075','0.00000','0.00000','0.00000',3,1,1),('2012-11-10 11:41:29','','112233','050332233','default','SIP/test-0000008d','SIP/195.138.68.114:5060-0000008e','Dial','SIP/050332233@195.138.68.114:5060,,',4,2,'ANSWERED',3,'1','','16','212.178.24.119','212.178.24.119','sip:112233@85.114.141.80','sip:112233@212.178.24.119','Twinkle/1.4.2','ulaw','ulaw','0.000000','0.000000','0.002338','0.000000','1352544089.141','0.00138','0.00000','0.00000','0.00000',3,1,1),('2012-11-10 12:23:09','','112233','050332233','default','SIP/test-00000000','SIP/195.138.68.114:5060-00000001','Dial','SIP/050332233@195.138.68.114:5060,,',7,4,'ANSWERED',3,'1','','16','212.178.24.119','212.178.24.119','sip:112233@85.114.141.80','sip:112233@212.178.24.119','Twinkle/1.4.2','ulaw','ulaw','0.000000','0.000000','0.003021','0.000000','1352546589.0','0.00163','0.00000','0.00000','0.00000',3,1,1),('2012-11-10 12:27:30','','112233','050332231','default','SIP/test-00000006','SIP/195.138.68.114:5060-00000007','Dial','SIP/050332231@195.138.68.114:5060,,',8,6,'ANSWERED',3,'1','','16','212.178.24.119','212.178.24.119','sip:112233@85.114.141.80','sip:112233@212.178.24.119','Twinkle/1.4.2','ulaw','ulaw','0.000000','33328.000000','0.001573','182002192.000000','1352546850.6','0.00059','2777.00000','0.00000','33328.00000',3,1,1),('2012-11-10 12:27:56','','112233','050332231','default','SIP/test-00000008','SIP/195.138.68.114:5060-00000009','Dial','SIP/050332231@195.138.68.114:5060,,',6,4,'ANSWERED',3,'1','','16','212.178.24.119','212.178.24.119','sip:112233@85.114.141.80','sip:112233@212.178.24.119','Twinkle/1.4.2','ulaw','ulaw','0.000000','0.000000','0.009610','0.000000','1352546876.8','0.00601','0.00000','0.00000','0.00000',3,1,1),('2012-11-10 12:28:06','','112233','050332233','default','SIP/test-0000000a','SIP/195.138.68.114:5060-0000000b','Dial','SIP/050332233@195.138.68.114:5060,,',5,3,'ANSWERED',3,'1','','16','212.178.24.119','212.178.24.119','sip:112233@85.114.141.80','sip:112233@212.178.24.119','Twinkle/1.4.2','ulaw','ulaw','0.000000','0.000000','0.004053','0.000000','1352546886.10','0.00315','0.00000','0.00000','0.00000',3,1,1),('2012-11-10 12:30:25','','112233','050332233','default','SIP/test-0000000c','SIP/195.138.68.114:5060-0000000d','Dial','SIP/050332233@195.138.68.114:5060,,',9,7,'ANSWERED',3,'1','','16','212.178.24.119','212.178.24.119','sip:112233@85.114.141.80','sip:112233@212.178.24.119','Twinkle/1.4.2','ulaw','ulaw','0.000000','0.000000','0.008735','0.000000','1352547025.12','0.00515','0.00000','0.00000','0.00000',3,1,1),('2012-11-10 12:30:43','','112233','050332233','default','SIP/test-0000000e','SIP/195.138.68.114:5060-0000000f','Dial','SIP/050332233@195.138.68.114:5060,,',8,6,'ANSWERED',3,'1','','16','212.178.24.119','212.178.24.119','sip:112233@85.114.141.80','sip:112233@212.178.24.119','Twinkle/1.4.2','ulaw','ulaw','0.000000','45381.000000','0.003569','167596864.000000','1352547043.14','0.00197','2557.00000','0.00000','45381.00000',3,1,1),('2012-11-10 12:38:12','','112233','050332244','default','SIP/test-00000011','SIP/195.138.68.114:5060-00000012','Dial','SIP/050332244@195.138.68.114:5060,,',8,6,'ANSWERED',3,'1','','16','212.178.24.119','212.178.24.119','sip:112233@85.114.141.80','sip:112233@212.178.24.119','Twinkle/1.4.2','ulaw','ulaw','0.000000','22055.000000','0.001852','173163568.000000','1352547492.17','0.00083','2642.00000','0.00000','22055.00000',3,1,1),('2012-11-10 12:38:46','','112233','050332244','default','SIP/test-00000013','SIP/195.138.68.114:5060-00000014','Dial','SIP/050332244@195.138.68.114:5060,,',9,7,'ANSWERED',3,'1','','16','212.178.24.119','212.178.24.119','sip:112233@85.114.141.80','sip:112233@212.178.24.119','Twinkle/1.4.2','ulaw','ulaw','0.000000','0.000000','0.010152','0.000000','1352547526.19','0.00106','0.00000','0.00000','0.00000',3,1,1),('2012-11-10 12:40:05','','112233','050332233','default','SIP/test-00000016','SIP/195.138.68.114:5060-00000017','Dial','SIP/050332233@195.138.68.114:5060,,',6,3,'ANSWERED',3,'1','','16','212.178.24.119','212.178.24.119','sip:112233@85.114.141.80','sip:112233@212.178.24.119','Twinkle/1.4.2','ulaw','ulaw','0.000000','0.000000','0.003007','0.000000','1352547605.22','0.00186','0.00000','0.00000','0.00000',3,1,1),('2012-11-10 12:43:18','','112233','050332233','default','SIP/test-00000018','SIP/195.138.68.114:5060-00000019','Dial','SIP/050332233@195.138.68.114:5060,,',8,6,'ANSWERED',3,'1','','16','212.178.24.119','212.178.24.119','sip:112233@85.114.141.80','sip:112233@212.178.24.119','Twinkle/1.4.2','ulaw','ulaw','0.000000','0.000000','0.002126','0.000000','1352547798.24','0.00067','0.00000','0.00000','0.00000',3,1,1),('2012-11-10 12:44:34','','112233','050332233','default','SIP/test-0000001c','SIP/195.138.68.114:5060-0000001d','Dial','SIP/050332233@195.138.68.114:5060,,',8,6,'ANSWERED',3,'1','','16','212.178.24.119','212.178.24.119','sip:112233@85.114.141.80','sip:112233@212.178.24.119','Twinkle/1.4.2','ulaw','ulaw','0.000000','0.000000','0.002854','0.000000','1352547874.28','0.00113','0.00000','0.00000','0.00000',3,1,1),('2012-11-10 15:02:36','','zoiper','5555','internal','SIP/zoiper-00000021','','AGI','HANGUP',2,1,'ANSWERED',3,'4','','','','','','','','','','','','','','1352556156.33',NULL,NULL,NULL,NULL,NULL,NULL,NULL),('2012-11-10 15:05:02','','zoiper','555555','internal','SIP/zoiper-00000022','','AGI','HANGUP',2,1,'ANSWERED',3,'4','','','','','','','','','','','','','','1352556302.34',NULL,NULL,NULL,NULL,NULL,NULL,NULL),('2012-11-10 15:05:54','','zoiper','55555','internal','SIP/zoiper-00000023','','AGI','HANGUP',1,0,'ANSWERED',3,'4','','','','','','','','','','','','','','1352556354.35',NULL,NULL,NULL,NULL,NULL,NULL,NULL),('2012-11-10 15:08:04','','zoiper','5555','internal','SIP/zoiper-00000024','','AGI','HANGUP',1,0,'ANSWERED',3,'4','','','','','','','','','','','','','','1352556484.36',NULL,NULL,NULL,NULL,NULL,NULL,NULL),('2012-11-10 15:16:48','','zoiper','0975656','default','SIP/zoiper-0000002a','SIP/178.137.240.106:5070-0000002b','AGI','HANGUP',13,0,'FAILED',3,'14','','19','46.211.121.59','46.211.121.59','sip:zoiper@85.114.141.80:5060;transport=UDP','sip:zoiper@46.211.121.59:60892','Zoiper rev.15846','ulaw','ulaw','0.000000','1.000000','0.038403','0.000000','1352557008.42','0.02879','0.00000','0.00000','1.00000',27,14,2),('2012-11-10 15:18:28','','zoiper','0975656','default','SIP/zoiper-0000002c','SIP/178.137.240.106:5070-0000002d','Dial','SIP/0975656@178.137.240.106:5070,,',6,0,'NO ANSWER',3,'14','','0','46.211.121.59','46.211.121.59','sip:zoiper@85.114.141.80:5060;transport=UDP','sip:zoiper@46.211.121.59:60892','Zoiper rev.15846','ulaw','ulaw','0.000000','0.000000','0.037755','0.000000','1352557108.44','0.02239','0.00000','0.00000','0.00000',27,14,2),('2012-11-10 15:22:28','','zoiper','0975656','default','SIP/zoiper-0000002e','SIP/178.137.240.106:5070-0000002f','AGI','HANGUP',13,0,'FAILED',3,'14','','19','46.211.121.59','46.211.121.59','sip:zoiper@85.114.141.80:5060;transport=UDP','sip:zoiper@46.211.121.59:60892','Zoiper rev.15846','ulaw','ulaw','0.000000','1.000000','0.033991','0.000000','1352557348.46','0.01964','0.00000','0.00000','1.00000',27,14,2),('2012-11-10 15:27:04','','zoiper','0975656','default','SIP/zoiper-00000030','SIP/178.137.240.106:5070-00000031','AGI','HANGUP',13,0,'FAILED',3,'14','','19','46.211.123.3','46.211.123.3','sip:zoiper@85.114.141.80:5060;transport=UDP','sip:zoiper@46.211.123.3:31932','Zoiper rev.15846','ulaw','ulaw','0.000000','0.000000','0.029484','0.000000','1352557624.48','0.01476','0.00000','0.00000','0.00000',27,14,2),('2012-11-10 15:29:50','','zoiper','0975656','default','SIP/zoiper-00000032','SIP/178.137.240.106:5070-00000033','Dial','SIP/0975656@178.137.240.106:5070,,',8,0,'NO ANSWER',3,'14','','0','46.211.123.3','46.211.123.3','sip:zoiper@85.114.141.80:5060;transport=UDP','sip:zoiper@46.211.123.3:31932','Zoiper rev.15846','ulaw','ulaw','0.000000','0.000000','0.047376','0.000000','1352557790.50','0.01726','0.00000','0.00000','0.00000',27,14,2),('2012-11-10 15:38:56','','zoiper','0980642976','default','SIP/zoiper-00000034','SIP/178.137.240.106:5070-00000035','Dial','SIP/0980642976@178.137.240.106:5070,,S(60)',12,0,'NO ANSWER',3,'14','','0','46.211.123.3','46.211.123.3','sip:zoiper@85.114.141.80:5060;transport=UDP','sip:zoiper@46.211.123.3:31932','Zoiper rev.15846','ulaw','ulaw','0.000000','1.000000','0.037140','0.000000','1352558336.52','0.01252','0.00000','0.00000','1.00000',27,14,2),('2012-11-10 15:43:31','','zoiper','0980642976','default','SIP/zoiper-00000036','SIP/178.137.240.106:5070-00000037','Dial','SIP/0980642976@178.137.240.106:5070,,S(60)',36,26,'ANSWERED',3,'14','','16','46.211.123.3','46.211.123.3','sip:zoiper@85.114.141.80:5060;transport=UDP','sip:zoiper@46.211.123.3:31932','Zoiper rev.15846','ulaw','ulaw','0.000000','0.666667','0.068201','0.000000','1352558611.54','0.01024','0.00000','4.00000','1.00000',27,14,2),('2012-11-10 15:44:48','','zoiper','0980642976','default','SIP/zoiper-00000038','SIP/178.137.240.106:5070-00000039','Dial','SIP/0980642976@178.137.240.106:5070,,S(60)',10,0,'NO ANSWER',3,'14','','0','46.211.123.3','46.211.123.3','sip:zoiper@85.114.141.80:5060;transport=UDP','sip:zoiper@46.211.123.3:31932','Zoiper rev.15846','ulaw','ulaw','0.000000','1.000000','0.057405','0.000000','1352558688.56','0.01321','0.00000','0.00000','1.00000',27,14,2),('2012-11-10 15:47:21','','zoiper','0979960243','default','SIP/zoiper-0000003a','SIP/178.137.240.106:5070-0000003b','Dial','SIP/0979960243@178.137.240.106:5070,,S(60)',35,5,'ANSWERED',3,'14','','16','46.211.123.3','46.211.123.3','sip:zoiper@85.114.141.80:5060;transport=UDP','sip:zoiper@46.211.123.3:31932','Zoiper rev.15846','ulaw','ulaw','0.000000','0.000000','0.000000','0.000000','1352558841.58','0.00000','0.00000','1.00000','0.00000',27,14,2),('2012-11-10 15:48:05','','2010','999','external','SIP/204001-0000003c','','Hangup','',2,1,'ANSWERED',3,'33','','','','','','','','','','','','','','1352558885.60',NULL,NULL,NULL,NULL,NULL,NULL,NULL),('2012-11-10 15:49:25','','zoiper','0979960243','default','SIP/zoiper-0000003d','SIP/178.137.240.106:5070-0000003e','AGI','HANGUP',23,0,'FAILED',3,'14','','19','46.211.123.3','46.211.123.3','sip:zoiper@85.114.141.80:5060;transport=UDP','sip:zoiper@46.211.123.3:31932','Zoiper rev.15846','ulaw','ulaw','0.000000','0.000000','0.000000','0.000000','1352558965.61','0.00000','0.00000','1.00000','0.00000',27,14,2),('2012-11-10 15:56:36','','zoiper','0988077950','default','SIP/zoiper-0000003f','SIP/178.137.240.106:5070-00000040','AGI','HANGUP',47,0,'FAILED',3,'14','','19','46.211.123.3','46.211.123.3','sip:zoiper@85.114.141.80:5060;transport=UDP','sip:zoiper@46.211.123.3:31932','Zoiper rev.15846','ulaw','ulaw','0.000000','2.222222','0.044658','0.000000','1352559396.63','0.02232','0.00000','0.00000','3.00000',27,14,2),('2012-11-10 16:17:49','','zoiper','0974523189','default','SIP/zoiper-00000046','SIP/178.137.240.106:5070-00000047','AGI','HANGUP',10,0,'FAILED',3,'14','','19','46.211.123.3','46.211.123.3','sip:zoiper@85.114.141.80:5060;transport=UDP','sip:zoiper@46.211.123.3:31932','Zoiper rev.15846','ulaw','ulaw','0.000000','0.000000','0.032588','0.000000','1352560669.70','0.00965','0.00000','1.00000','0.00000',27,14,2),('2012-11-10 16:18:22','','zoiper','0974523189','default','SIP/zoiper-00000048','SIP/178.137.240.106:5070-00000049','Dial','SIP/0974523189@178.137.240.106:5070,,S(60)',6,0,'NO ANSWER',3,'14','','0','46.211.123.3','46.211.123.3','sip:zoiper@85.114.141.80:5060;transport=UDP','sip:zoiper@46.211.123.3:31932','Zoiper rev.15846','ulaw','ulaw','0.000000','0.000000','0.047138','0.000000','1352560702.72','0.03619','0.00000','0.00000','0.00000',27,14,2),('2012-11-10 19:40:39','','112233','097232323','default','SIP/test-0000004b','SIP/195.138.68.114:5060-0000004c','Dial','SIP/097232323@195.138.68.114:5060,,S(60)',9,7,'ANSWERED',3,'1','','16','37.203.21.11','37.203.21.11','sip:112233@85.114.141.80','sip:112233@37.203.21.11','Twinkle/1.4.2','ulaw','ulaw','0.000000','0.000000','0.006470','0.000000','1352572839.75','0.00497','0.00000','0.00000','0.00000',3,1,2),('2012-11-10 19:44:48','','112233','0972323232','default','SIP/test-0000004e','SIP/195.138.68.114:5060-0000004f','Dial','SIP/0972323232@195.138.68.114:5060,,S(120)',8,6,'ANSWERED',3,'1','','16','37.203.21.11','37.203.21.11','sip:112233@85.114.141.80','sip:112233@37.203.21.11','Twinkle/1.4.2','ulaw','ulaw','0.000000','0.000000','0.007549','0.000000','1352573088.78','0.00301','0.00000','0.00000','0.00000',6,1,2),('2012-11-10 20:01:43','','112233','0972324434','default','SIP/test-00000056','SIP/195.138.68.114:5060-00000057','Dial','SIP/0972324434@195.138.68.114:5060,,S(300)',5,2,'ANSWERED',3,'1','','16','37.203.21.11','37.203.21.11','sip:112233@85.114.141.80','sip:112233@37.203.21.11','Twinkle/1.4.2','ulaw','ulaw','0.000000','0.000000','0.003246','0.000000','1352574103.86','0.00245','0.00000','0.00000','0.00000',4,1,2),('2012-11-10 20:03:07','','112233','0972324434','default','SIP/test-00000058','SIP/195.138.68.114:5060-00000059','Dial','SIP/0972324434@195.138.68.114:5060,,S(300)',5,3,'ANSWERED',3,'1','','16','37.203.21.11','37.203.21.11','sip:112233@85.114.141.80','sip:112233@37.203.21.11','Twinkle/1.4.2','ulaw','ulaw','0.000000','0.000000','0.001381','0.000000','1352574187.88','0.00051','0.00000','0.00000','0.00000',4,1,2),('2012-11-10 20:03:15','','112233','0972324434323','default','SIP/test-0000005a','SIP/195.138.68.114:5060-0000005b','Dial','SIP/0972324434323@195.138.68.114:5060,,S(60)',11,9,'ANSWERED',3,'1','','16','37.203.21.11','37.203.21.11','sip:112233@85.114.141.80','sip:112233@37.203.21.11','Twinkle/1.4.2','ulaw','ulaw','0.000000','1867.000000','0.002731','165734624.000000','1352574195.90','0.00186','2528.00000','0.00000','1867.00000',3,1,2),('2012-11-10 20:04:10','','112233','0972324434323','default','SIP/test-0000005c','SIP/195.138.68.114:5060-0000005d','Dial','SIP/0972324434323@195.138.68.114:5060,,S(60)',4,2,'ANSWERED',3,'1','','16','37.203.21.11','37.203.21.11','sip:112233@85.114.141.80','sip:112233@37.203.21.11','Twinkle/1.4.2','ulaw','ulaw','0.000000','0.000000','0.001991','0.000000','1352574250.92','0.00038','0.00000','0.00000','0.00000',3,1,2),('2012-11-10 20:06:02','','112233','0972342324234','default','SIP/test-00000060','SIP/195.138.68.114:5060-00000061','Dial','SIP/0972342324234@195.138.68.114:5060,,S(300)',4,2,'ANSWERED',3,'1','','16','37.203.21.11','37.203.21.11','sip:112233@85.114.141.80','sip:112233@37.203.21.11','Twinkle/1.4.2','ulaw','ulaw','0.000000','0.000000','0.001755','0.000000','1352574362.96','0.00087','0.00000','0.00000','0.00000',4,1,2),('2012-11-10 20:06:11','','112233','097234233321','default','SIP/test-00000062','SIP/195.138.68.114:5060-00000063','Dial','SIP/097234233321@195.138.68.114:5060,,S(60)',10,8,'ANSWERED',3,'1','','16','37.203.21.11','37.203.21.11','sip:112233@85.114.141.80','sip:112233@37.203.21.11','Twinkle/1.4.2','ulaw','ulaw','0.000000','28813.000000','0.007060','161837760.000000','1352574371.98','0.00187','2469.00000','0.00000','28813.00000',3,1,2),('2012-11-10 20:08:23','','112233','09734234','default','SIP/test-00000065','SIP/195.138.68.114:5060-00000066','Dial','SIP/09734234@195.138.68.114:5060,,S(300)',5,3,'ANSWERED',3,'1','','16','37.203.21.11','37.203.21.11','sip:112233@85.114.141.80','sip:112233@37.203.21.11','Twinkle/1.4.2','ulaw','ulaw','0.000000','0.000000','0.002921','0.000000','1352574503.101','0.00044','0.00000','0.00000','0.00000',4,1,2),('2012-11-10 20:08:34','','112233','097324542','default','SIP/test-00000067','SIP/195.138.68.114:5060-00000068','Dial','SIP/097324542@195.138.68.114:5060,,S(60)',3,1,'ANSWERED',3,'1','','16','37.203.21.11','37.203.21.11','sip:112233@85.114.141.80','sip:112233@37.203.21.11','Twinkle/1.4.2','ulaw','ulaw','0.000000','0.000000','0.002276','0.000000','1352574514.103','0.00228','0.00000','0.00000','0.00000',3,1,2),('2012-11-10 20:12:34','','112233','097324324232','default','SIP/test-00000000','SIP/195.138.68.114:5060-00000001','Dial','SIP/097324324232@195.138.68.114:5060,,S(300)',3,1,'ANSWERED',3,'1','','16','37.203.21.11','37.203.21.11','sip:112233@85.114.141.80','sip:112233@37.203.21.11','Twinkle/1.4.2','ulaw','ulaw','0.000000','0.000000','0.001790','0.000000','1352574754.0','0.00179','0.00000','0.00000','0.00000',4,1,2),('2012-11-10 20:12:54','','112233','0973243242322','default','SIP/test-00000000','SIP/195.138.68.114:5060-00000001','Dial','SIP/0973243242322@195.138.68.114:5060,,S(60)',9,7,'ANSWERED',3,'1','','16','37.203.21.11','37.203.21.11','sip:112233@85.114.141.80','sip:112233@37.203.21.11','Twinkle/1.4.2','ulaw','ulaw','0.000000','34033.000000','0.001828','160489824.000000','1352574774.0','0.00045','2448.00000','0.00000','34033.00000',3,1,2),('2012-11-10 20:24:24','','112233','097324324323','default','SIP/test-00000002','SIP/195.138.68.114:5060-00000003','Dial','SIP/097324324323@195.138.68.114:5060,,S(300)',6,4,'ANSWERED',3,'1','','16','37.203.21.11','37.203.21.11','sip:112233@85.114.141.80','sip:112233@37.203.21.11','Twinkle/1.4.2','ulaw','ulaw','0.000000','0.000000','0.002248','0.000000','1352575464.2','0.00145','0.00000','0.00000','0.00000',4,1,2),('2012-11-10 20:41:55','','112233','097324324323','default','SIP/test-00000004','SIP/195.138.68.114:5060-00000005','Dial','SIP/097324324323@195.138.68.114:5060,,S(300)',3,1,'ANSWERED',3,'1','','16','37.203.21.11','37.203.21.11','sip:112233@85.114.141.80','sip:112233@37.203.21.11','Twinkle/1.4.2','ulaw','ulaw','0.000000','0.000000','0.000353','0.000000','1352576515.4','0.00035','0.00000','0.00000','0.00000',4,1,2),('2012-11-10 21:12:59','','112233','097324324323','default','SIP/test-00000006','SIP/195.138.68.114:5060-00000007','Dial','SIP/097324324323@195.138.68.114:5060,,S(300)',3,1,'ANSWERED',3,'1','','16','37.203.21.11','37.203.21.11','sip:112233@85.114.141.80','sip:112233@37.203.21.11','Twinkle/1.4.2','ulaw','ulaw','0.000000','0.000000','0.002537','0.000000','1352578379.6','0.00151','0.00000','0.00000','0.00000',4,1,2),('2012-11-10 22:18:04','','112233','097324324323','default','SIP/test-00000008','SIP/195.138.68.114:5060-00000009','Dial','SIP/097324324323@195.138.68.114:5060,,S(300)',6,4,'ANSWERED',3,'1','','16','37.203.21.11','37.203.21.11','sip:112233@85.114.141.80','sip:112233@37.203.21.11','Twinkle/1.4.2','ulaw','ulaw','0.000000','0.000000','0.002478','0.000000','1352582284.8','0.00137','0.00000','0.00000','0.00000',4,1,2),('2012-11-10 22:19:44','','112233','097324324323','default','SIP/test-0000000a','SIP/195.138.68.114:5060-0000000b','Dial','SIP/097324324323@195.138.68.114:5060,,S(300)',7,5,'ANSWERED',3,'1','','16','37.203.21.11','37.203.21.11','sip:112233@85.114.141.80','sip:112233@37.203.21.11','Twinkle/1.4.2','ulaw','ulaw','0.000000','0.000000','0.002022','0.000000','1352582384.10','0.00096','0.00000','0.00000','0.00000',4,1,2),('2012-11-10 22:19:53','','112233','09732432432354','default','SIP/test-0000000c','SIP/195.138.68.114:5060-0000000d','Dial','SIP/09732432432354@195.138.68.114:5060,,S(120)',7,4,'ANSWERED',3,'1','','16','37.203.21.11','37.203.21.11','sip:112233@85.114.141.80','sip:112233@37.203.21.11','Twinkle/1.4.2','ulaw','ulaw','0.000000','0.000000','0.001532','0.000000','1352582393.12','0.00127','0.00000','0.00000','0.00000',6,1,2),('2012-11-10 22:20:02','','112233','09732432432354','default','SIP/test-0000000e','SIP/195.138.68.114:5060-0000000f','Dial','SIP/09732432432354@195.138.68.114:5060,,S(120)',4,1,'ANSWERED',3,'1','','16','37.203.21.11','37.203.21.11','sip:112233@85.114.141.80','sip:112233@37.203.21.11','Twinkle/1.4.2','ulaw','ulaw','0.000000','0.000000','0.004180','0.000000','1352582402.14','0.00249','0.00000','0.00000','0.00000',6,1,2),('2012-11-10 22:20:13','','112233','09723423345','default','SIP/test-00000010','SIP/195.138.68.114:5060-00000011','Dial','SIP/09723423345@195.138.68.114:5060,,S(60)',7,5,'ANSWERED',3,'1','','16','37.203.21.11','37.203.21.11','sip:112233@85.114.141.80','sip:112233@37.203.21.11','Twinkle/1.4.2','ulaw','ulaw','0.000000','0.000000','0.003041','0.000000','1352582413.16','0.00084','0.00000','0.00000','0.00000',3,1,2),('2012-11-10 22:28:13','','112233','097324324231','default','SIP/test-00000013','SIP/195.138.68.114:5060-00000014','Dial','SIP/097324324231@195.138.68.114:5060,,S(300)',5,3,'ANSWERED',3,'1','','16','37.203.21.11','37.203.21.11','sip:112233@85.114.141.80','sip:112233@37.203.21.11','Twinkle/1.4.2','ulaw','ulaw','0.000000','0.000000','0.002905','0.000000','1352582893.19','0.00102','0.00000','0.00000','0.00000',4,1,2),('2012-11-10 22:34:18','','112233','097324324231','default','SIP/test-00000015','SIP/195.138.68.114:5060-00000016','Dial','SIP/097324324231@195.138.68.114:5060,,S(300)',4,2,'ANSWERED',3,'1','','16','37.203.21.11','37.203.21.11','sip:112233@85.114.141.80','sip:112233@37.203.21.11','Twinkle/1.4.2','ulaw','ulaw','0.000000','0.000000','0.001582','0.000000','1352583258.21','0.00158','0.00000','0.00000','0.00000',4,1,2),('2012-11-10 22:34:32','','112233','097564562345','default','SIP/test-00000017','SIP/195.138.68.114:5060-00000018','Dial','SIP/097564562345@195.138.68.114:5060,,S(60)',8,6,'ANSWERED',3,'1','','16','37.203.21.11','37.203.21.11','sip:112233@85.114.141.80','sip:112233@37.203.21.11','Twinkle/1.4.2','ulaw','ulaw','0.000000','60750.000000','0.001560','162760640.000000','1352583272.23','0.00096','2483.00000','0.00000','60750.00000',3,1,2),('2012-11-10 22:34:46','','112233','097564562345','default','SIP/test-00000019','SIP/195.138.68.114:5060-0000001a','Dial','SIP/097564562345@195.138.68.114:5060,,S(60)',3,1,'ANSWERED',3,'1','','16','37.203.21.11','37.203.21.11','sip:112233@85.114.141.80','sip:112233@37.203.21.11','Twinkle/1.4.2','ulaw','ulaw','0.000000','0.000000','0.001486','0.000000','1352583286.25','0.00136','0.00000','0.00000','0.00000',3,1,2),('2012-11-10 22:37:15','','112233','097564563423','default','SIP/test-0000001c','SIP/195.138.68.114:5060-0000001d','Dial','SIP/097564563423@195.138.68.114:5060,,S(300)',4,2,'ANSWERED',3,'1','','16','37.203.21.11','37.203.21.11','sip:112233@85.114.141.80','sip:112233@37.203.21.11','Twinkle/1.4.2','ulaw','ulaw','0.000000','0.000000','0.002147','0.000000','1352583435.28','0.00113','0.00000','0.00000','0.00000',4,1,2);
/*!40000 ALTER TABLE `cdr` ENABLE KEYS */;
UNLOCK TABLES;

--
-- Table structure for table `chan_groups`
--

DROP TABLE IF EXISTS `chan_groups`;
/*!40101 SET @saved_cs_client     = @@character_set_client */;
/*!40101 SET character_set_client = utf8 */;
CREATE TABLE `chan_groups` (
  `id` int(11) NOT NULL AUTO_INCREMENT,
  `chan_group_name` varchar(50) DEFAULT NULL,
  `max_channels_cnt` int(11) DEFAULT NULL,
  `max_channels_online` int(11) DEFAULT NULL,
  `user_id` int(11) DEFAULT NULL,
  PRIMARY KEY (`id`),
  UNIQUE KEY `index_chan_groups_on_chan_group_name` (`chan_group_name`)
) ENGINE=InnoDB AUTO_INCREMENT=4 DEFAULT CHARSET=latin1;
/*!40101 SET character_set_client = @saved_cs_client */;

--
-- Dumping data for table `chan_groups`
--

LOCK TABLES `chan_groups` WRITE;
/*!40000 ALTER TABLE `chan_groups` DISABLE KEYS */;
INSERT INTO `chan_groups` VALUES (1,'12',1,1,NULL),(2,'13',2,1,NULL),(3,'10',3,1,NULL);
/*!40000 ALTER TABLE `chan_groups` ENABLE KEYS */;
UNLOCK TABLES;

--
-- Table structure for table `chan_prefix_groups`
--

DROP TABLE IF EXISTS `chan_prefix_groups`;
/*!40101 SET @saved_cs_client     = @@character_set_client */;
/*!40101 SET character_set_client = utf8 */;
CREATE TABLE `chan_prefix_groups` (
  `id` int(11) NOT NULL AUTO_INCREMENT,
  `channel_id` int(11) DEFAULT NULL,
  `prefix_group_id` int(11) DEFAULT NULL,
  `max_minutes_per_day` int(11) DEFAULT NULL,
  `max_calls_per_day` int(11) DEFAULT '0',
  `interval_mins` int(11) DEFAULT NULL,
  `calls_per_interval` int(11) DEFAULT NULL,
  `call_min_interval` int(11) DEFAULT NULL,
  `strict` tinyint(1) DEFAULT NULL,
  `enabled` tinyint(1) DEFAULT NULL,
  PRIMARY KEY (`id`)
) ENGINE=InnoDB AUTO_INCREMENT=156 DEFAULT CHARSET=latin1;
/*!40101 SET character_set_client = @saved_cs_client */;

--
-- Dumping data for table `chan_prefix_groups`
--

LOCK TABLES `chan_prefix_groups` WRITE;
/*!40000 ALTER TABLE `chan_prefix_groups` DISABLE KEYS */;
INSERT INTO `chan_prefix_groups` VALUES (2,1,1,2,0,0,100,0,1,1),(3,3,1,3,100,0,100,4,0,1),(5,6,2,2,0,60,2,60,1,1),(6,6,1,50,0,60,30,60,1,0),(7,4,1,60,100,0,100,0,1,1),(11,7,4,1,0,60,2,60,0,0),(12,7,2,3,0,60,2,60,1,1),(13,7,3,1,0,60,2,60,1,1),(14,7,1,2,0,60,2,60,1,0),(15,7,5,1,0,60,2,60,0,0),(20,8,3,1,0,0,100,20,1,0),(21,8,2,10,0,30,100,20,1,0),(22,8,1,2,0,0,100,20,0,0),(32,8,4,1,0,60,2,60,0,0),(33,8,5,1,0,60,2,60,0,0),(37,8,6,2,0,0,100,0,0,1),(38,7,6,2,0,60,2,60,0,1),(39,10,4,1,0,60,2,60,0,0),(40,10,2,3,0,60,2,60,0,1),(41,10,3,1,0,60,2,60,0,0),(42,10,1,2,0,60,2,60,0,0),(43,10,6,2,0,60,2,60,0,0),(44,10,5,1,0,60,2,60,0,0),(51,12,4,1,0,60,2,60,0,0),(52,12,2,3,0,60,2,60,1,1),(53,12,3,1,0,60,2,60,1,0),(54,12,1,2,0,60,2,60,1,1),(55,12,6,2,0,60,2,60,0,0),(56,12,5,1,0,60,2,60,0,0),(87,18,4,1,0,60,2,60,0,1),(88,18,2,3,0,60,2,60,0,1),(89,18,6,2,0,60,2,60,0,0),(90,18,3,1,0,60,2,60,0,0),(91,18,1,2,0,60,2,60,0,0),(92,18,5,1,0,60,2,60,0,0),(129,25,4,1,0,60,2,60,0,1),(130,25,2,3,0,60,2,60,0,0),(131,25,6,2,0,60,2,60,0,0),(132,25,3,1,0,60,2,60,0,0),(133,25,1,2,0,60,2,60,0,0),(134,25,5,1,0,60,2,60,0,0),(135,6,4,1,0,60,2,60,0,1),(136,6,6,2,0,60,2,60,0,0),(137,6,3,1,0,60,2,60,1,0),(138,6,5,1,0,60,2,60,0,0),(139,4,2,5,0,10,5,60,1,1),(140,3,2,1,0,0,100,60,1,1),(141,4,3,1,0,0,100,0,1,0),(142,27,2,1,0,60,10,10,1,1),(143,27,3,1,0,60,2,60,0,0),(144,27,1,2,0,60,2,60,1,0),(145,28,2,3,0,60,2,60,1,0),(146,28,3,8,0,60,2,60,0,1),(147,28,1,2,0,60,2,60,0,0),(148,3,3,1,0,60,2,60,0,0),(149,4,4,0,0,0,100,0,0,1),(150,3,4,0,0,60,2,60,0,0),(151,27,4,0,0,60,2,60,0,0),(152,29,4,0,0,60,2,60,0,0),(153,29,2,3,0,60,2,60,0,1),(154,29,3,1,0,60,2,60,0,0),(155,29,1,2,0,60,2,60,0,0);
/*!40000 ALTER TABLE `chan_prefix_groups` ENABLE KEYS */;
UNLOCK TABLES;

--
-- Table structure for table `channels`
--

DROP TABLE IF EXISTS `channels`;
/*!40101 SET @saved_cs_client     = @@character_set_client */;
/*!40101 SET character_set_client = utf8 */;
CREATE TABLE `channels` (
  `id` int(11) NOT NULL AUTO_INCREMENT,
  `sip_id` int(11) DEFAULT NULL,
  `status` int(11) DEFAULT NULL,
  `timeout_expire` datetime DEFAULT NULL,
  `timeout_reason` varchar(255) DEFAULT NULL,
  `chan_group_id` int(11) DEFAULT NULL,
  `location_id` int(11) DEFAULT NULL,
  `init_date` date DEFAULT NULL,
  `start_date` date DEFAULT NULL,
  `stop_date` date DEFAULT NULL,
  `start_time` time DEFAULT NULL,
  `stop_time` time DEFAULT NULL,
  `created_at` datetime DEFAULT NULL,
  `updated_at` datetime DEFAULT NULL,
  `name` varchar(100) DEFAULT NULL,
  `imei` varchar(20) NOT NULL DEFAULT '',
  PRIMARY KEY (`id`)
) ENGINE=InnoDB AUTO_INCREMENT=30 DEFAULT CHARSET=utf8;
/*!40101 SET character_set_client = @saved_cs_client */;

--
-- Dumping data for table `channels`
--

LOCK TABLES `channels` WRITE;
/*!40000 ALTER TABLE `channels` DISABLE KEYS */;
INSERT INTO `channels` VALUES (1,3,1,'2012-11-10 00:00:00','',1,8,NULL,'2012-08-02','2013-02-18','00:00:00','23:59:00',NULL,NULL,'modem2',''),(3,7,1,'2012-11-10 23:34:46','TIMEOUT:        : 2680 ()',3,10,'2012-10-09','2012-08-02','2013-02-18','00:00:00','23:59:00',NULL,'2012-11-10 12:05:53','204027',''),(4,8,1,'2012-11-10 23:37:15','TIMEOUT:        : 2829 ()',3,10,'2012-10-09','2012-08-02','2013-02-18','00:00:00','23:59:00',NULL,'2012-11-10 09:28:58','11112',''),(6,10,1,'2012-11-10 23:20:02','TIMEOUT:        : 1796 ()',1,10,'2012-09-01','2012-08-02','2013-02-18','00:00:00','23:59:00','2012-09-01 06:45:36','2012-09-23 17:39:50','80935070663',''),(7,13,1,'2012-11-10 00:00:00','',1,10,'2012-09-16','2012-08-02','2013-02-18','00:00:00','23:59:00','2012-09-08 19:10:55','2012-09-16 20:24:28',NULL,'0987654321'),(12,18,1,'2012-11-10 00:00:00','',2,10,'2012-09-14','2012-08-02','2013-02-18','00:00:00','23:59:00','2012-09-14 11:07:48','2012-09-14 11:07:48',NULL,'09764'),(27,33,1,'2012-11-10 16:28:28','',1,10,'2012-10-09','2012-08-02','2013-02-18','00:00:00','23:59:00','2012-10-09 09:01:10','2012-11-10 14:16:06',NULL,'999999999'),(28,34,1,'2012-11-10 00:00:00','',4,10,'2012-10-09','2012-08-02','2013-02-18','00:00:00','23:59:00','2012-10-09 09:01:57','2012-10-09 09:55:07',NULL,'999966'),(29,35,1,NULL,'',1,18,'2012-11-10','2012-08-02','2013-02-18','00:00:00','23:59:00','2012-11-10 13:48:34','2012-11-10 14:16:35',NULL,'');
/*!40000 ALTER TABLE `channels` ENABLE KEYS */;
UNLOCK TABLES;

--
-- Table structure for table `codecs`
--

DROP TABLE IF EXISTS `codecs`;
/*!40101 SET @saved_cs_client     = @@character_set_client */;
/*!40101 SET character_set_client = utf8 */;
CREATE TABLE `codecs` (
  `id` int(11) NOT NULL AUTO_INCREMENT,
  `codec_name` varchar(40) DEFAULT NULL,
  `description` varchar(100) DEFAULT NULL,
  PRIMARY KEY (`id`)
) ENGINE=InnoDB AUTO_INCREMENT=6 DEFAULT CHARSET=latin1;
/*!40101 SET character_set_client = @saved_cs_client */;

--
-- Dumping data for table `codecs`
--

LOCK TABLES `codecs` WRITE;
/*!40000 ALTER TABLE `codecs` DISABLE KEYS */;
INSERT INTO `codecs` VALUES (1,'gsm',' GSM - 28kbits traffic'),(2,'ulaw',' ulaw/g711u- 80kbits traffic'),(3,'alaw',' alaw/g711a- 80kbits traffic'),(4,'ilbc',' ilbc- 30kbits traffic'),(5,'g726',' g726- 47kbits traffic');
/*!40000 ALTER TABLE `codecs` ENABLE KEYS */;
UNLOCK TABLES;

--
-- Table structure for table `ivr`
--

DROP TABLE IF EXISTS `ivr`;
/*!40101 SET @saved_cs_client     = @@character_set_client */;
/*!40101 SET character_set_client = utf8 */;
CREATE TABLE `ivr` (
  `id` int(11) NOT NULL AUTO_INCREMENT,
  `number` varchar(255) DEFAULT NULL,
  `created_at` datetime NOT NULL,
  `updated_at` datetime NOT NULL,
  `audio` varchar(255) DEFAULT NULL,
  `file_name` varchar(255) DEFAULT NULL,
  PRIMARY KEY (`id`)
) ENGINE=InnoDB AUTO_INCREMENT=5 DEFAULT CHARSET=latin1;
/*!40101 SET character_set_client = @saved_cs_client */;

--
-- Dumping data for table `ivr`
--

LOCK TABLES `ivr` WRITE;
/*!40000 ALTER TABLE `ivr` DISABLE KEYS */;
INSERT INTO `ivr` VALUES (4,'asd','2012-09-19 18:35:18','2012-09-19 18:42:04','2_success.wav','/Users/ruslanvoloshin/work/trunkhq/public/audio/2_success.wav');
/*!40000 ALTER TABLE `ivr` ENABLE KEYS */;
UNLOCK TABLES;

--
-- Table structure for table `locations`
--

DROP TABLE IF EXISTS `locations`;
/*!40101 SET @saved_cs_client     = @@character_set_client */;
/*!40101 SET character_set_client = utf8 */;
CREATE TABLE `locations` (
  `id` int(11) NOT NULL AUTO_INCREMENT,
  `name` varchar(255) DEFAULT NULL,
  `order` int(11) DEFAULT NULL,
  `user_id` int(11) DEFAULT NULL,
  `created_at` datetime NOT NULL,
  `updated_at` datetime NOT NULL,
  PRIMARY KEY (`id`),
  KEY `index_locations_on_user_id` (`user_id`)
) ENGINE=InnoDB AUTO_INCREMENT=28 DEFAULT CHARSET=latin1;
/*!40101 SET character_set_client = @saved_cs_client */;

--
-- Dumping data for table `locations`
--

LOCK TABLES `locations` WRITE;
/*!40000 ALTER TABLE `locations` DISABLE KEYS */;
INSERT INTO `locations` VALUES (1,'Home',NULL,3,'2012-09-01 06:42:18','2012-09-01 06:42:18'),(6,'Home',NULL,5,'2012-09-02 05:36:34','2012-09-02 05:36:34'),(8,'new 1',NULL,3,'2012-09-08 18:07:30','2012-09-08 18:07:30'),(9,'test1',NULL,3,'2012-09-08 18:19:09','2012-09-08 18:19:09'),(10,'To4ka2',NULL,10,'2012-09-08 19:38:59','2012-09-08 19:38:59'),(13,'Home',NULL,7,'2012-09-14 07:36:27','2012-09-14 07:36:27'),(15,'Home',NULL,8,'2012-09-14 21:49:37','2012-09-14 21:49:37'),(17,'Home',NULL,9,'2012-09-29 08:21:03','2012-09-29 08:21:03'),(18,'Home',NULL,10,'2012-09-30 17:31:16','2012-09-30 17:31:16'),(19,'Home',NULL,11,'2012-09-30 19:38:31','2012-09-30 19:38:31'),(20,'Home',NULL,12,'2012-10-01 00:13:17','2012-10-01 00:13:17'),(21,'Ivan',NULL,5,'2012-10-05 17:20:49','2012-10-05 17:20:49'),(26,'aaa',NULL,2,'2012-10-05 17:26:17','2012-10-05 17:26:17'),(27,'Home',NULL,13,'2012-11-10 09:15:27','2012-11-10 09:15:27');
/*!40000 ALTER TABLE `locations` ENABLE KEYS */;
UNLOCK TABLES;

--
-- Table structure for table `prefix_groups`
--

DROP TABLE IF EXISTS `prefix_groups`;
/*!40101 SET @saved_cs_client     = @@character_set_client */;
/*!40101 SET character_set_client = utf8 */;
CREATE TABLE `prefix_groups` (
  `id` int(11) NOT NULL AUTO_INCREMENT,
  `group_name` varchar(255) DEFAULT NULL,
  `def_rate` decimal(10,4) DEFAULT NULL,
  `def_init_charge` decimal(10,4) DEFAULT NULL,
  `def_minutes_per_day` int(11) DEFAULT NULL,
  `color` varchar(255) NOT NULL DEFAULT '',
  PRIMARY KEY (`id`)
) ENGINE=InnoDB AUTO_INCREMENT=5 DEFAULT CHARSET=latin1;
/*!40101 SET character_set_client = @saved_cs_client */;

--
-- Dumping data for table `prefix_groups`
--

LOCK TABLES `prefix_groups` WRITE;
/*!40000 ALTER TABLE `prefix_groups` DISABLE KEYS */;
INSERT INTO `prefix_groups` VALUES (1,'MTS','22.0000','2.0000',2,'#e30052'),(2,'KS','33.0000','33.0000',3,'#0055fa'),(3,'Life','1.0000','1.0000',1,'#ff0000'),(4,'changeme','0.0000','0.0000',0,'');
/*!40000 ALTER TABLE `prefix_groups` ENABLE KEYS */;
UNLOCK TABLES;

--
-- Table structure for table `prefixes`
--

DROP TABLE IF EXISTS `prefixes`;
/*!40101 SET @saved_cs_client     = @@character_set_client */;
/*!40101 SET character_set_client = utf8 */;
CREATE TABLE `prefixes` (
  `id` int(11) NOT NULL AUTO_INCREMENT,
  `prefix_group_id` int(11) DEFAULT NULL,
  `prefix` varchar(200) DEFAULT NULL,
  PRIMARY KEY (`id`)
) ENGINE=InnoDB AUTO_INCREMENT=34 DEFAULT CHARSET=latin1;
/*!40101 SET character_set_client = @saved_cs_client */;

--
-- Dumping data for table `prefixes`
--

LOCK TABLES `prefixes` WRITE;
/*!40000 ALTER TABLE `prefixes` DISABLE KEYS */;
INSERT INTO `prefixes` VALUES (1,1,'050'),(2,1,'095'),(3,2,'067'),(4,2,'097'),(6,2,'098'),(7,6,'101'),(8,6,'111'),(9,6,'112'),(10,6,'477'),(11,6,'466'),(12,6,'460'),(13,6,'95'),(26,3,'093'),(28,3,'063'),(29,4,'111'),(31,4,'900'),(32,4,'110'),(33,4,'10');
/*!40000 ALTER TABLE `prefixes` ENABLE KEYS */;
UNLOCK TABLES;

--
-- Table structure for table `roles`
--

DROP TABLE IF EXISTS `roles`;
/*!40101 SET @saved_cs_client     = @@character_set_client */;
/*!40101 SET character_set_client = utf8 */;
CREATE TABLE `roles` (
  `id` int(11) NOT NULL AUTO_INCREMENT,
  `name` varchar(255) DEFAULT NULL,
  `resource_id` int(11) DEFAULT NULL,
  `resource_type` varchar(255) DEFAULT NULL,
  `created_at` datetime NOT NULL,
  `updated_at` datetime NOT NULL,
  PRIMARY KEY (`id`),
  KEY `index_roles_on_name` (`name`),
  KEY `index_roles_on_name_and_resource_type_and_resource_id` (`name`,`resource_type`,`resource_id`)
) ENGINE=InnoDB AUTO_INCREMENT=4 DEFAULT CHARSET=latin1;
/*!40101 SET character_set_client = @saved_cs_client */;

--
-- Dumping data for table `roles`
--

LOCK TABLES `roles` WRITE;
/*!40000 ALTER TABLE `roles` DISABLE KEYS */;
INSERT INTO `roles` VALUES (1,'admin',NULL,NULL,'2012-09-01 06:43:31','2012-09-01 06:43:31'),(2,'user',NULL,NULL,'2012-09-02 05:36:34','2012-09-02 05:36:34'),(3,'provider',NULL,NULL,'2012-09-02 12:49:40','2012-09-02 12:49:40');
/*!40000 ALTER TABLE `roles` ENABLE KEYS */;
UNLOCK TABLES;

--
-- Table structure for table `schema_migrations`
--

DROP TABLE IF EXISTS `schema_migrations`;
/*!40101 SET @saved_cs_client     = @@character_set_client */;
/*!40101 SET character_set_client = utf8 */;
CREATE TABLE `schema_migrations` (
  `version` varchar(255) NOT NULL,
  UNIQUE KEY `unique_schema_migrations` (`version`)
) ENGINE=InnoDB DEFAULT CHARSET=latin1;
/*!40101 SET character_set_client = @saved_cs_client */;

--
-- Dumping data for table `schema_migrations`
--

LOCK TABLES `schema_migrations` WRITE;
/*!40000 ALTER TABLE `schema_migrations` DISABLE KEYS */;
INSERT INTO `schema_migrations` VALUES ('20120801033000'),('20120801034358'),('20120801034405'),('20120801034413'),('20120801034447'),('20120802123534'),('20120823112629'),('20120823120033'),('20120823121007'),('20120823121302'),('20120823192306'),('20120823193002'),('20120824072435'),('20120828124559'),('20120908052347'),('20120914144238'),('20120917053312'),('20120919170102'),('20120919170323'),('20120919183745');
/*!40000 ALTER TABLE `schema_migrations` ENABLE KEYS */;
UNLOCK TABLES;

--
-- Table structure for table `sip`
--

DROP TABLE IF EXISTS `sip`;
/*!40101 SET @saved_cs_client     = @@character_set_client */;
/*!40101 SET character_set_client = utf8 */;
CREATE TABLE `sip` (
  `id` int(11) NOT NULL AUTO_INCREMENT,
  `user_id` int(11) NOT NULL,
  `name` varchar(80) NOT NULL,
  `host` varchar(31) NOT NULL DEFAULT 'dynamic',
  `nat` varchar(5) NOT NULL DEFAULT 'yes',
  `type` varchar(20) NOT NULL DEFAULT 'friend',
  `accountcode` varchar(20) DEFAULT NULL,
  `amaflags` varchar(13) DEFAULT NULL,
  `call-limit` smallint(6) DEFAULT NULL,
  `callgroup` varchar(10) DEFAULT NULL,
  `callerid` varchar(80) DEFAULT NULL,
  `cancallforward` varchar(3) DEFAULT 'yes',
  `canreinvite` varchar(3) DEFAULT 'yes',
  `context` varchar(80) DEFAULT NULL,
  `defaultip` varchar(15) DEFAULT NULL,
  `dtmfmode` varchar(7) DEFAULT NULL,
  `fromuser` varchar(80) DEFAULT NULL,
  `fromdomain` varchar(80) DEFAULT NULL,
  `insecure` varchar(15) DEFAULT NULL,
  `language` varchar(2) DEFAULT NULL,
  `mailbox` varchar(50) DEFAULT NULL,
  `md5secret` varchar(80) DEFAULT NULL,
  `deny` varchar(95) DEFAULT NULL,
  `permit` varchar(95) DEFAULT NULL,
  `mask` varchar(95) DEFAULT NULL,
  `musiconhold` varchar(100) DEFAULT NULL,
  `pickupgroup` varchar(10) DEFAULT NULL,
  `qualify` varchar(3) DEFAULT NULL,
  `regexten` varchar(80) DEFAULT NULL,
  `restrictcid` varchar(25) DEFAULT NULL,
  `rtptimeout` varchar(3) DEFAULT NULL,
  `rtpholdtimeout` varchar(3) DEFAULT NULL,
  `secret` varchar(80) DEFAULT NULL,
  `setvar` varchar(100) DEFAULT NULL,
  `disallow` varchar(100) DEFAULT 'all',
  `allow` varchar(100) DEFAULT 'ulaw;alaw;gsm;',
  `fullcontact` varchar(80) NOT NULL,
  `ipaddr` varchar(45) NOT NULL,
  `port` smallint(5) unsigned NOT NULL DEFAULT '0',
  `regserver` varchar(100) DEFAULT NULL,
  `regseconds` int(11) NOT NULL DEFAULT '0',
  `lastms` int(11) NOT NULL DEFAULT '0',
  `username` varchar(80) NOT NULL,
  `defaultuser` varchar(80) NOT NULL,
  `subscribecontext` varchar(80) DEFAULT NULL,
  `useragent` varchar(33) DEFAULT NULL,
  `authuser` varchar(25) DEFAULT NULL,
  `commented` int(11) DEFAULT NULL,
  PRIMARY KEY (`id`),
  KEY `user_id` (`user_id`)
) ENGINE=InnoDB AUTO_INCREMENT=36 DEFAULT CHARSET=latin1;
/*!40101 SET character_set_client = @saved_cs_client */;

--
-- Dumping data for table `sip`
--

LOCK TABLES `sip` WRITE;
/*!40000 ALTER TABLE `sip` DISABLE KEYS */;
INSERT INTO `sip` VALUES (1,0,'modem2','dynamic','yes','friend','4',NULL,NULL,NULL,'modem2','yes','yes',NULL,NULL,NULL,NULL,NULL,NULL,NULL,NULL,NULL,NULL,NULL,NULL,NULL,NULL,'yes',NULL,NULL,NULL,NULL,'12345',NULL,'all','ulaw;alaw;gsm;','','',0,'',0,0,'modem2','',NULL,'',NULL,NULL),(2,0,'modem2','dynamic','yes','friend','2',NULL,NULL,NULL,'modem2','yes','yes',NULL,NULL,NULL,NULL,NULL,NULL,NULL,NULL,NULL,NULL,NULL,NULL,NULL,NULL,'yes',NULL,NULL,NULL,NULL,'12345',NULL,'all','ulaw;alaw;gsm;','','',0,'',0,0,'modem2','',NULL,'',NULL,NULL),(3,0,'zoiper','dynamic','yes','friend','14',NULL,NULL,NULL,'zoiper','yes','yes','default',NULL,NULL,NULL,NULL,NULL,NULL,NULL,NULL,NULL,NULL,NULL,NULL,NULL,'yes',NULL,NULL,NULL,NULL,'12345',NULL,'all','ulaw;alaw;gsm;','sip:zoiper@192.168.1.104:5060^3Brinstance=0d8bd14e88682a08^3Btransport=UDP','',0,'',1352588368,613,'zoiper','',NULL,'Zoiper rev.16544',NULL,NULL),(6,1,'gw','212.178.25.71','yes','peer','6',NULL,33,NULL,'gw','yes','yes',NULL,NULL,NULL,NULL,NULL,NULL,NULL,NULL,NULL,NULL,NULL,NULL,NULL,NULL,'yes',NULL,NULL,NULL,NULL,NULL,NULL,'all','ulaw;alaw;','','',23530,NULL,0,0,'','',NULL,NULL,NULL,NULL),(7,204027,'204027','dynamic','yes','friend','10',NULL,NULL,NULL,'204027','yes','yes',NULL,NULL,NULL,NULL,NULL,NULL,NULL,NULL,NULL,NULL,NULL,NULL,NULL,NULL,'yes',NULL,NULL,NULL,NULL,'max1',NULL,'all','ulaw;alaw;gsm;','sip:204027@195.138.68.114:5060','195.138.68.114',5060,'',1352632355,57,'204027','',NULL,'Asterisk PBX 1.8.5.0',NULL,NULL),(8,1111,'11112','dynamic','yes','friend','10',NULL,NULL,NULL,'11112','yes','yes',NULL,NULL,NULL,NULL,NULL,NULL,NULL,NULL,NULL,NULL,NULL,NULL,NULL,NULL,'yes',NULL,NULL,NULL,NULL,'3333',NULL,'all','ulaw;alaw;gsm;','sip:11112@195.138.68.114:5060','195.138.68.114',5060,'',1352632355,57,'11112','',NULL,'Asterisk PBX 1.8.5.0',NULL,NULL),(10,3,'80935070663','dynamic','yes','friend','10',NULL,NULL,NULL,'80935070663','yes','yes',NULL,NULL,NULL,NULL,NULL,NULL,NULL,NULL,NULL,NULL,NULL,NULL,NULL,NULL,'yes',NULL,NULL,NULL,NULL,'123',NULL,'all','ulaw;alaw;gsm;','sip:8093507063@195.138.68.114:5060','195.138.68.114',5060,'',1352632355,57,'8093507063','',NULL,'Asterisk PBX 1.8.5.0',NULL,NULL),(11,1,'test','37.203.21.11','yes','peer','1',NULL,100,NULL,'test','yes','yes',NULL,NULL,NULL,NULL,NULL,NULL,NULL,NULL,NULL,NULL,NULL,NULL,NULL,NULL,'yes',NULL,NULL,NULL,NULL,NULL,NULL,'all','ulaw;gsm;alaw;','','',5060,NULL,0,0,'','',NULL,NULL,NULL,NULL),(13,4,'970768797','dynamic','yes','friend','13',NULL,NULL,NULL,'22','yes','yes',NULL,NULL,NULL,NULL,NULL,NULL,NULL,NULL,NULL,NULL,NULL,NULL,NULL,NULL,'yes',NULL,NULL,NULL,NULL,'11',NULL,'all','ulaw;alaw;gsm;','','',0,NULL,0,0,'','',NULL,NULL,NULL,NULL),(18,4,'0989654','dynamic','yes','friend','18',NULL,NULL,NULL,'0989654','yes','yes',NULL,NULL,NULL,NULL,NULL,NULL,NULL,NULL,NULL,NULL,NULL,NULL,NULL,NULL,NULL,NULL,NULL,NULL,NULL,'987854',NULL,'all','ulaw;alaw;gsm;','','',0,NULL,0,0,'','',NULL,NULL,NULL,NULL),(33,3,'204001','dynamic','yes','friend','33',NULL,NULL,NULL,'2010','yes','yes','external',NULL,NULL,NULL,NULL,NULL,NULL,NULL,NULL,NULL,NULL,NULL,NULL,NULL,NULL,NULL,NULL,NULL,NULL,'my',NULL,'all','gsm;ulaw;alaw','sip:204001@192.168.1.102:5070','',0,'',1352630791,51,'204001','',NULL,'Oktell',NULL,NULL),(34,3,'2011','dynamic','yes','friend','34',NULL,NULL,NULL,'2011','yes','yes',NULL,NULL,NULL,NULL,NULL,NULL,NULL,NULL,NULL,NULL,NULL,NULL,NULL,NULL,NULL,NULL,NULL,NULL,NULL,'2011',NULL,'all','gsm;ulaw;alaw','sip:2011@178.137.154.210:5060','',0,'',1349777952,66,'2011','',NULL,'Oktell',NULL,NULL),(35,10,'204002','dynamic','yes','friend','10',NULL,NULL,NULL,'204002','yes','yes','external',NULL,NULL,NULL,NULL,NULL,NULL,NULL,NULL,NULL,NULL,NULL,NULL,NULL,NULL,NULL,NULL,NULL,NULL,'my',NULL,'all','gsm;ulaw;alaw','sip:204002@192.168.1.102:5062','',0,'',1352631402,51,'204002','',NULL,'Oktell',NULL,NULL);
/*!40000 ALTER TABLE `sip` ENABLE KEYS */;
UNLOCK TABLES;

--
-- Table structure for table `sip_conf`
--

DROP TABLE IF EXISTS `sip_conf`;
/*!40101 SET @saved_cs_client     = @@character_set_client */;
/*!40101 SET character_set_client = utf8 */;
CREATE TABLE `sip_conf` (
  `id` int(11) NOT NULL AUTO_INCREMENT,
  `cat_metric` int(11) NOT NULL DEFAULT '0',
  `var_metric` int(11) NOT NULL DEFAULT '0',
  `filename` varchar(128) DEFAULT 'sip.conf',
  `category` varchar(128) DEFAULT 'general',
  `var_name` varchar(128) NOT NULL,
  `var_val` varchar(128) NOT NULL,
  `commented` smallint(6) NOT NULL DEFAULT '0',
  `description` varchar(255) DEFAULT NULL,
  PRIMARY KEY (`id`),
  UNIQUE KEY `id` (`id`)
) ENGINE=InnoDB AUTO_INCREMENT=127 DEFAULT CHARSET=latin1;
/*!40101 SET character_set_client = @saved_cs_client */;

--
-- Dumping data for table `sip_conf`
--

LOCK TABLES `sip_conf` WRITE;
/*!40000 ALTER TABLE `sip_conf` DISABLE KEYS */;
INSERT INTO `sip_conf` VALUES (1,0,1,'sip.conf','general','allowguest','no',0,'/    '),(122,0,3,'sip.conf','general','rtcachefriends','yes',0,' we'),(123,0,4,'sip.conf','general','qualify','yes',0,'wew'),(124,0,5,'sip.conf','general','domain','asteriska.co.cc,asteriska',1,''),(125,0,6,'sip.conf','general','insecure','port',0,'    IP,   '),(126,0,7,'sip.conf','general','rtptimeout','5',0,'Terminate call if 60 seconds of no RTP activity when we are not on hold');
/*!40000 ALTER TABLE `sip_conf` ENABLE KEYS */;
UNLOCK TABLES;

--
-- Table structure for table `user_prefix_groups`
--

DROP TABLE IF EXISTS `user_prefix_groups`;
/*!40101 SET @saved_cs_client     = @@character_set_client */;
/*!40101 SET character_set_client = utf8 */;
CREATE TABLE `user_prefix_groups` (
  `id` int(11) NOT NULL AUTO_INCREMENT,
  `user_id` int(11) DEFAULT NULL,
  `prefix_group_id` int(11) DEFAULT NULL,
  `allowed_minutes` int(11) DEFAULT NULL,
  `init_date` date DEFAULT NULL,
  `rate` varchar(255) DEFAULT NULL,
  `init_charge` int(11) DEFAULT NULL,
  PRIMARY KEY (`id`)
) ENGINE=InnoDB AUTO_INCREMENT=12 DEFAULT CHARSET=latin1;
/*!40101 SET character_set_client = @saved_cs_client */;

--
-- Dumping data for table `user_prefix_groups`
--

LOCK TABLES `user_prefix_groups` WRITE;
/*!40000 ALTER TABLE `user_prefix_groups` DISABLE KEYS */;
INSERT INTO `user_prefix_groups` VALUES (1,6,2,2147483647,'2012-09-02','10',1),(2,6,1,0,'2012-09-02','0',NULL),(4,1,2,0,'2012-09-09','33.0000',0),(5,1,3,0,'2012-09-09','1.0000',0),(6,1,4,0,'2012-11-07','0.0000',0),(7,1,1,0,'2012-11-07','22.0000',0),(8,14,4,1000,'2012-11-10','5',10),(9,14,2,1000,'2012-11-10','10',0),(10,14,3,0,'2012-11-10','0',NULL),(11,14,1,0,'2012-11-10','0',NULL);
/*!40000 ALTER TABLE `user_prefix_groups` ENABLE KEYS */;
UNLOCK TABLES;

--
-- Table structure for table `users`
--

DROP TABLE IF EXISTS `users`;
/*!40101 SET @saved_cs_client     = @@character_set_client */;
/*!40101 SET character_set_client = utf8 */;
CREATE TABLE `users` (
  `id` int(11) NOT NULL AUTO_INCREMENT,
  `login` varchar(15) DEFAULT NULL,
  `password` varchar(15) DEFAULT NULL,
  `company` varchar(100) DEFAULT 'Private',
  `company_logo` varchar(100) DEFAULT '/img/bird.gif',
  `application_name` varchar(100) DEFAULT 'Telefony',
  `last_login` datetime DEFAULT NULL,
  `email` varchar(60) DEFAULT NULL,
  `role_id` int(11) DEFAULT NULL,
  `encrypted_password` varchar(255) DEFAULT '',
  `name` varchar(255) NOT NULL DEFAULT '',
  `reset_password_token` varchar(255) DEFAULT NULL,
  `reset_password_sent_at` datetime DEFAULT NULL,
  `remember_created_at` datetime DEFAULT NULL,
  `sign_in_count` int(11) DEFAULT '0',
  `current_sign_in_at` datetime DEFAULT NULL,
  `last_sign_in_at` datetime DEFAULT NULL,
  `current_sign_in_ip` varchar(255) DEFAULT NULL,
  `last_sign_in_ip` varchar(255) DEFAULT NULL,
  `created_at` datetime DEFAULT NULL,
  `updated_at` datetime DEFAULT NULL,
  `confirmation_token` varchar(255) DEFAULT NULL,
  `confirmed_at` datetime DEFAULT NULL,
  `confirmation_sent_at` datetime DEFAULT NULL,
  `unconfirmed_email` varchar(255) DEFAULT NULL,
  `invitation_token` varchar(60) DEFAULT NULL,
  `invitation_sent_at` datetime DEFAULT NULL,
  `invitation_accepted_at` datetime DEFAULT NULL,
  `invitation_limit` int(11) NOT NULL DEFAULT '3',
  `invited_by_id` int(11) DEFAULT NULL,
  `invited_by_type` varchar(255) DEFAULT NULL,
  PRIMARY KEY (`id`),
  UNIQUE KEY `index_users_on_email` (`email`),
  UNIQUE KEY `index_users_on_reset_password_token` (`reset_password_token`),
  KEY `index_users_on_invitation_token` (`invitation_token`),
  KEY `index_users_on_invited_by_id` (`invited_by_id`)
) ENGINE=InnoDB AUTO_INCREMENT=15 DEFAULT CHARSET=latin1;
/*!40101 SET character_set_client = @saved_cs_client */;

--
-- Dumping data for table `users`
--

LOCK TABLES `users` WRITE;
/*!40000 ALTER TABLE `users` DISABLE KEYS */;
INSERT INTO `users` VALUES (1,'eeee','d2f2297d6e829cd','eee','/img/bird.gif','',NULL,'',2,'','',NULL,NULL,NULL,0,NULL,NULL,NULL,NULL,NULL,NULL,NULL,NULL,NULL,NULL,NULL,NULL,NULL,3,NULL,NULL),(2,'admin','202cb962ac59075','admin','/img/bird.gif','dd','2012-11-10 19:35:48','ee',2,'ee','',NULL,NULL,NULL,0,NULL,NULL,NULL,NULL,NULL,NULL,NULL,NULL,NULL,NULL,NULL,NULL,NULL,3,NULL,NULL),(3,NULL,NULL,'Private','/img/bird.gif','Telefony',NULL,'rebisall@gmail.com',NULL,'$2a$10$m0Hz2gVUm4B/FQuLxLEQvOjZ9jAUvvUtI3Bh.IUy8YFrCNH.mEnIa','Voloshin Ruslan',NULL,NULL,NULL,40,'2012-11-10 14:11:01','2012-11-10 13:32:05','85.238.97.154','85.238.97.154','2012-09-01 06:36:00','2012-11-10 14:11:01','jwpycrMKiotJfqXz3hKn','2012-09-01 06:41:54','2012-09-01 06:36:00',NULL,NULL,NULL,NULL,99,NULL,NULL),(4,NULL,NULL,'Private','/img/bird.gif','Telefony',NULL,'test-user@gmail.com',NULL,'$2a$10$W/zxwbAi1yhJcmZO8Jt3SuIUhBHYcYO7r.euaUcKmi7suNZ2quRhm','test-user',NULL,NULL,NULL,19,'2012-11-10 12:03:28','2012-11-10 09:28:24','178.137.240.106','178.137.240.106','2012-09-01 08:24:01','2012-11-10 12:08:13','tZqKqz5QcpzvRkyxbUpC','2012-09-01 08:25:16','2012-09-01 08:24:01',NULL,NULL,NULL,NULL,3,NULL,NULL),(5,NULL,NULL,'Private','/img/bird.gif','Telefony',NULL,'chaun_ivan@mail.ru',NULL,'$2a$10$U/avWY3ucsxajw1gnzQ1L.Fam2SZvYlnZ.zlXl03QdQGO3w55nq6.','Ivan',NULL,NULL,NULL,0,NULL,NULL,NULL,NULL,'2012-09-02 05:36:29','2012-09-28 19:39:20','t8zkXwNosQWwszdUJ6FT',NULL,'2012-09-02 05:36:29',NULL,NULL,NULL,NULL,3,NULL,NULL),(6,NULL,NULL,'Private','/img/bird.gif','Telefony',NULL,'rovex@a.com',NULL,'$2a$10$ZfoWQGYLh6Cu.GebAfJZY.9B8ecZdOAA0sjKZ.CqA8iWgcJYs/CiS','Rovex',NULL,NULL,NULL,0,NULL,NULL,NULL,NULL,'2012-09-02 12:49:36','2012-09-02 12:49:36','myNwSvpuiPAr7t5pLznh',NULL,'2012-09-02 12:49:36',NULL,NULL,NULL,NULL,3,NULL,NULL),(7,NULL,NULL,'Private','/img/bird.gif','Telefony',NULL,'sherstyukroman@gmail.com',NULL,'$2a$10$i1sbQs1e6vLLSn..HPKh3epvXSCY85aSHO5EwC1MFPHbXOEoGlaDK','Roman',NULL,NULL,NULL,0,NULL,NULL,NULL,NULL,'2012-09-14 07:36:26','2012-09-14 21:48:10','dHmeoB4SngJ7ibjY5dyi',NULL,'2012-09-14 07:36:26',NULL,NULL,NULL,NULL,3,NULL,NULL),(8,NULL,NULL,'Private','/img/bird.gif','Telefony',NULL,'test@test.com',NULL,'$2a$10$hyu7pnCSDK2wU7XX8zOIReObn9jJExVZ.X4TPbOJRhDLikiK3aCjS','',NULL,NULL,NULL,7,'2012-09-16 20:49:08','2012-09-14 22:08:00','178.137.159.239','127.0.0.1','2012-09-14 21:49:37','2012-09-16 20:49:08',NULL,'2012-09-14 21:49:37',NULL,NULL,NULL,'2012-09-14 21:49:37','2012-09-14 21:50:45',3,3,'User'),(9,NULL,NULL,'Private','/img/bird.gif','Telefony',NULL,'mir24@i.ua',NULL,'$2a$10$ZKxcUOrIVqa6QowEZatlQeQ8O8/3hAnHMehG252FRRv9jyjFtHWty','mir24',NULL,NULL,NULL,0,NULL,NULL,NULL,NULL,'2012-09-29 08:21:02','2012-09-29 08:21:02','KsQzehQu3311qy8Ap5fs',NULL,'2012-09-29 08:21:02',NULL,NULL,NULL,NULL,3,NULL,NULL),(10,NULL,NULL,'Private','/img/bird.gif','Telefony',NULL,'prodam_o@ukr.net',NULL,'$2a$10$UdeIedYQfJ/rR6UUsrz92.Knjr.uSkv5fSyyI1iQtdjYjlf8v/mjq','eXpert',NULL,NULL,NULL,2,'2012-11-10 13:34:04','2012-11-10 13:31:07','85.238.97.154','85.238.97.154','2012-09-30 17:31:15','2012-11-10 13:34:04','rvQeBjKY7mypW6PJ1ysy','2012-11-10 13:30:40','2012-09-30 17:31:15',NULL,NULL,NULL,'2012-11-10 13:29:20',3,NULL,NULL),(11,NULL,NULL,'Private','/img/bird.gif','Telefony',NULL,'pokupat_l@ukr.net',NULL,'$2a$10$FdPM.vdkHVnz9a4f2cFAN.4EhPO0uKPbaS/V.xDbhJzW48wHGTEoS','KOLYA',NULL,NULL,NULL,0,NULL,NULL,NULL,NULL,'2012-09-30 19:38:30','2012-09-30 19:38:30','BYdZ1fSgsGhqtgaqxxJ7',NULL,'2012-09-30 19:38:30',NULL,NULL,NULL,NULL,3,NULL,NULL),(12,NULL,NULL,'Private','/img/bird.gif','Telefony',NULL,'kostya_m_2000@mail.ru',NULL,'$2a$10$UDSpv.xriMRz0B9hgbUOiOvYv4qOALUw9yY63wwf0tHFJAKvmxRwK','Konstantin',NULL,NULL,NULL,0,NULL,NULL,NULL,NULL,'2012-10-01 00:13:16','2012-10-01 00:13:16','mB76m85FVAAYS6m3pjXL',NULL,'2012-10-01 00:13:16',NULL,NULL,NULL,NULL,3,NULL,NULL),(13,NULL,NULL,'Private','/img/bird.gif','Telefony',NULL,'yura.kot@ukr.net',NULL,'$2a$10$1L/u/UMt7Ut38IJYesiPLOAYvv.Mt0sn84iSfneHD54ZmV51kbsma','???',NULL,NULL,NULL,0,NULL,NULL,NULL,NULL,'2012-11-10 09:15:27','2012-11-10 09:15:27','BT3XKHPmfs1HXi36k1jo',NULL,'2012-11-10 09:15:27',NULL,NULL,NULL,NULL,3,NULL,NULL),(14,NULL,NULL,'Private','/img/bird.gif','Telefony',NULL,'snasung@test.com',NULL,'$2a$10$GufHq4rmrXudUbxxcf9c..WgRqLSs/rKrvM1FjT3ZZA0Vd4VGq/LO','Samsung',NULL,NULL,NULL,0,NULL,NULL,NULL,NULL,'2012-11-10 13:54:17','2012-11-10 13:54:17','hfdEpRZoLnvxKxAyPJqX',NULL,'2012-11-10 13:54:17',NULL,NULL,NULL,NULL,3,NULL,NULL);
/*!40000 ALTER TABLE `users` ENABLE KEYS */;
UNLOCK TABLES;

--
-- Table structure for table `users_roles`
--

DROP TABLE IF EXISTS `users_roles`;
/*!40101 SET @saved_cs_client     = @@character_set_client */;
/*!40101 SET character_set_client = utf8 */;
CREATE TABLE `users_roles` (
  `user_id` int(11) DEFAULT NULL,
  `role_id` int(11) DEFAULT NULL,
  KEY `index_users_roles_on_user_id_and_role_id` (`user_id`,`role_id`)
) ENGINE=InnoDB DEFAULT CHARSET=latin1;
/*!40101 SET character_set_client = @saved_cs_client */;

--
-- Dumping data for table `users_roles`
--

LOCK TABLES `users_roles` WRITE;
/*!40000 ALTER TABLE `users_roles` DISABLE KEYS */;
INSERT INTO `users_roles` VALUES (3,1),(5,2),(6,3),(7,2),(8,2),(9,2),(10,1),(10,2),(11,2),(12,2),(13,2),(14,3);
/*!40000 ALTER TABLE `users_roles` ENABLE KEYS */;
UNLOCK TABLES;

--
-- Table structure for table `vatson_regmonitor`
--

DROP TABLE IF EXISTS `vatson_regmonitor`;
/*!40101 SET @saved_cs_client     = @@character_set_client */;
/*!40101 SET character_set_client = utf8 */;
CREATE TABLE `vatson_regmonitor` (
  `host` varchar(200) DEFAULT NULL,
  `username` varchar(50) DEFAULT NULL,
  `status` varchar(20) DEFAULT NULL,
  `regtime` datetime NOT NULL,
  `mail_sent_time` datetime NOT NULL
) ENGINE=InnoDB DEFAULT CHARSET=latin1;
/*!40101 SET character_set_client = @saved_cs_client */;

--
-- Dumping data for table `vatson_regmonitor`
--

LOCK TABLES `vatson_regmonitor` WRITE;
/*!40000 ALTER TABLE `vatson_regmonitor` DISABLE KEYS */;
/*!40000 ALTER TABLE `vatson_regmonitor` ENABLE KEYS */;
UNLOCK TABLES;

--
-- Table structure for table `vatson_regmonitor_tmp`
--

DROP TABLE IF EXISTS `vatson_regmonitor_tmp`;
/*!40101 SET @saved_cs_client     = @@character_set_client */;
/*!40101 SET character_set_client = utf8 */;
CREATE TABLE `vatson_regmonitor_tmp` (
  `host` varchar(200) DEFAULT NULL,
  `username` varchar(50) DEFAULT NULL,
  `status` varchar(20) DEFAULT NULL,
  `regtime` datetime DEFAULT NULL,
  `mail_sent_time` datetime NOT NULL
) ENGINE=InnoDB DEFAULT CHARSET=latin1;
/*!40101 SET character_set_client = @saved_cs_client */;

--
-- Dumping data for table `vatson_regmonitor_tmp`
--

LOCK TABLES `vatson_regmonitor_tmp` WRITE;
/*!40000 ALTER TABLE `vatson_regmonitor_tmp` DISABLE KEYS */;
/*!40000 ALTER TABLE `vatson_regmonitor_tmp` ENABLE KEYS */;
UNLOCK TABLES;

--
-- Table structure for table `vatson_settings`
--

DROP TABLE IF EXISTS `vatson_settings`;
/*!40101 SET @saved_cs_client     = @@character_set_client */;
/*!40101 SET character_set_client = utf8 */;
CREATE TABLE `vatson_settings` (
  `id` int(11) NOT NULL AUTO_INCREMENT,
  `amanager_login` varchar(50) DEFAULT NULL,
  `amanager_password` varchar(50) DEFAULT NULL,
  `amanager_host` varchar(60) DEFAULT NULL,
  `show_sip_reg_in_settings` int(11) DEFAULT '1',
  `show_sip_line_status` int(11) DEFAULT '0',
  PRIMARY KEY (`id`)
) ENGINE=InnoDB AUTO_INCREMENT=2 DEFAULT CHARSET=latin1;
/*!40101 SET character_set_client = @saved_cs_client */;

--
-- Dumping data for table `vatson_settings`
--

LOCK TABLES `vatson_settings` WRITE;
/*!40000 ALTER TABLE `vatson_settings` DISABLE KEYS */;
INSERT INTO `vatson_settings` VALUES (1,'vatson','p@ssw0rd_protected','127.0.0.1:5083',1,1);
/*!40000 ALTER TABLE `vatson_settings` ENABLE KEYS */;
UNLOCK TABLES;
/*!40103 SET TIME_ZONE=@OLD_TIME_ZONE */;

/*!40101 SET SQL_MODE=@OLD_SQL_MODE */;
/*!40014 SET FOREIGN_KEY_CHECKS=@OLD_FOREIGN_KEY_CHECKS */;
/*!40014 SET UNIQUE_CHECKS=@OLD_UNIQUE_CHECKS */;
/*!40101 SET CHARACTER_SET_CLIENT=@OLD_CHARACTER_SET_CLIENT */;
/*!40101 SET CHARACTER_SET_RESULTS=@OLD_CHARACTER_SET_RESULTS */;
/*!40101 SET COLLATION_CONNECTION=@OLD_COLLATION_CONNECTION */;
/*!40111 SET SQL_NOTES=@OLD_SQL_NOTES */;

-- Dump completed on 2012-11-11 12:10:49
