-- MySQL dump 10.13  Distrib 5.5.15, for osx10.7 (i386)
--
-- Host: 188.138.82.158    Database: voip
-- ------------------------------------------------------
-- Server version	5.0.95-log

/*!40101 SET @OLD_CHARACTER_SET_CLIENT=@@CHARACTER_SET_CLIENT */;
/*!40101 SET @OLD_CHARACTER_SET_RESULTS=@@CHARACTER_SET_RESULTS */;
/*!40101 SET @OLD_COLLATION_CONNECTION=@@COLLATION_CONNECTION */;
/*!40101 SET NAMES utf8 */;
/*!40103 SET @OLD_TIME_ZONE=@@TIME_ZONE */;
/*!40103 SET TIME_ZONE='+00:00' */;
/*!40014 SET @OLD_UNIQUE_CHECKS=@@UNIQUE_CHECKS, UNIQUE_CHECKS=0 */;
/*!40014 SET @OLD_FOREIGN_KEY_CHECKS=@@FOREIGN_KEY_CHECKS, FOREIGN_KEY_CHECKS=0 */;
/*!40101 SET @OLD_SQL_MODE=@@SQL_MODE, SQL_MODE='NO_AUTO_VALUE_ON_ZERO' */;
/*!40111 SET @OLD_SQL_NOTES=@@SQL_NOTES, SQL_NOTES=0 */;

--
-- Not dumping tablespaces as no INFORMATION_SCHEMA.FILES table on this server
--

--
-- Table structure for table `cdr`
--

DROP TABLE IF EXISTS `cdr`;
/*!40101 SET @saved_cs_client     = @@character_set_client */;
/*!40101 SET character_set_client = utf8 */;
CREATE TABLE `cdr` (
  `calldate` datetime NOT NULL default '0000-00-00 00:00:00',
  `clid` varchar(80) NOT NULL default '',
  `src` varchar(80) NOT NULL default '',
  `dst` varchar(80) NOT NULL default '',
  `dcontext` varchar(80) NOT NULL default '',
  `channel` varchar(80) NOT NULL default '',
  `dstchannel` varchar(80) NOT NULL default '',
  `lastapp` varchar(80) NOT NULL default '',
  `lastdata` varchar(80) NOT NULL default '',
  `duration` int(11) NOT NULL default '0',
  `billsec` int(11) NOT NULL default '0',
  `disposition` varchar(45) NOT NULL default '',
  `amaflags` int(11) NOT NULL default '0',
  `accountcode` varchar(20) NOT NULL default '',
  `userfield` varchar(255) NOT NULL default '',
  `hangupcause` varchar(50) NOT NULL,
  `peerip` varchar(50) NOT NULL,
  `recvip` varchar(50) NOT NULL,
  `fromuri` varchar(50) NOT NULL,
  `uri` varchar(50) NOT NULL,
  `useragent` varchar(50) NOT NULL,
  `codec1` varchar(50) NOT NULL,
  `codec2` varchar(50) NOT NULL,
  `llp` varchar(50) NOT NULL,
  `rlp` varchar(50) NOT NULL,
  `ljitt` varchar(50) NOT NULL,
  `rjitt` varchar(50) NOT NULL,
  `uniqueid` varchar(32) NOT NULL default '',
  `txjitter` decimal(10,5) default NULL,
  `rxjitter` decimal(10,5) default NULL,
  `rxploss` decimal(10,5) default NULL,
  `txploss` decimal(10,5) default NULL,
  `channel_id` int(11) default NULL,
  `user_id` int(11) default NULL,
  `prefix_group_id` int(11) default NULL,
  KEY `calldate` (`calldate`),
  KEY `dst` (`dst`),
  KEY `accountcode` (`accountcode`)
) ENGINE=InnoDB DEFAULT CHARSET=latin1;
/*!40101 SET character_set_client = @saved_cs_client */;

--
-- Dumping data for table `cdr`
--

LOCK TABLES `cdr` WRITE;
/*!40000 ALTER TABLE `cdr` DISABLE KEYS */;
INSERT INTO `cdr` VALUES ('2012-09-04 22:10:46','','gatewaeeeee','0506426558','default','SIP/yura-00000008','SIP/213.231.10.5:7074-00000009','Dial','SIP/0506426558@213.231.10.5:7074',13,0,'NO ANSWER',3,'','','','','','','','','','','','','','','1346785846.8',NULL,NULL,NULL,NULL,NULL,NULL,NULL),('2012-09-04 22:12:31','','gatewaeeeee','0506426558','default','SIP/yura-0000000a','SIP/213.231.10.5:7074-0000000b','Dial','SIP/0506426558@213.231.10.5:7074',12,0,'NO ANSWER',3,'','','0','212.178.28.17','212.178.28.17','sip:gatewaeeeee@asteriska.co.cc','sip:gatewaeeeee@212.178.28.17','Twinkle/1.4.2','ulaw','ulaw','','','','','1346785951.10',NULL,NULL,NULL,NULL,NULL,NULL,NULL),('2012-09-04 22:20:40','','gatewaeeeee','0506426558','default','SIP/yura-0000000c','SIP/213.231.10.5:7074-0000000d','Dial','SIP/0506426558@213.231.10.5:7074',5,0,'NO ANSWER',3,'','','0','212.178.28.17','212.178.28.17','sip:gatewaeeeee@asteriska.co.cc','sip:gatewaeeeee@212.178.28.17','Twinkle/1.4.2','ulaw','ulaw','0.000000','0.000000','0.001230','0.000000','1346786440.12',NULL,NULL,NULL,NULL,NULL,NULL,NULL),('2012-09-04 22:21:00','','gatewaeeeee','0506426558','default','SIP/yura-0000000e','SIP/213.231.10.5:7074-0000000f','AGI','HANGUP',15,0,'FAILED',3,'','','19','212.178.28.17','212.178.28.17','sip:gatewaeeeee@asteriska.co.cc','sip:gatewaeeeee@212.178.28.17','Twinkle/1.4.2','ulaw','ulaw','0.000000','12312.000000','0.005199','159558592.000000','1346786460.14',NULL,NULL,NULL,NULL,NULL,NULL,NULL),('2012-09-04 22:27:13','','gatewaeeeee','0506426558','default','SIP/yura-00000010','SIP/213.231.10.5:7074-00000011','Dial','SIP/0506426558@213.231.10.5:7074',5,0,'NO ANSWER',3,'','','0','212.178.28.17','212.178.28.17','sip:gatewaeeeee@asteriska.co.cc','sip:gatewaeeeee@212.178.28.17','Twinkle/1.4.2','ulaw','ulaw','0.000000','0.000000','0.001277','0.000000','1346786833.16',0.00068,0.00000,0.00000,0.00000,NULL,NULL,NULL),('2012-09-04 22:27:59','','gatewaeeeee','0506426558','default','SIP/yura-00000012','SIP/213.231.10.5:7074-00000013','AGI','HANGUP',14,0,'FAILED',3,'','','19','212.178.28.17','212.178.28.17','sip:gatewaeeeee@asteriska.co.cc','sip:gatewaeeeee@212.178.28.17','Twinkle/1.4.2','ulaw','ulaw','0.000000','25572.000000','0.003600','161659552.000000','1346786879.18',0.00356,2466.00000,0.00000,25572.00000,NULL,NULL,NULL),('2012-09-05 09:41:42','','gatewaeeeee','0506426558','default','SIP/yura-00000000','SIP/213.231.6.161:7074-00000001','Dial','SIP/0506426558@213.231.6.161:7074',21,0,'NO ANSWER',3,'','','0','212.178.28.76','212.178.28.76','sip:gatewaeeeee@asteriska.co.cc','sip:gatewaeeeee@212.178.28.76','Twinkle/1.4.2','ulaw','ulaw','0.000000','57499.000000','0.006721','161103808.000000','1346827302.0',0.00531,2438.00000,0.00000,57499.00000,5,NULL,NULL),('2012-09-05 11:31:01','','ruslan','0506426558','default','SIP/asteriska.co.cc-00000003','SIP/213.231.6.161:7074-00000004','Dial','SIP/0506426558@213.231.6.161:7074',90,75,'ANSWERED',3,'','','16','192.168.4.164','85.238.97.154','sip:ruslan@asteriska.co.cc;transport=UDP','sip:ruslan@192.168.4.164:51460','Zoiper Communicator 2.04.10164 rev.10204','ulaw','ulaw','0.000000','0.000000','0.007838','0.000000','1346833861.3',0.00691,0.00000,3.00000,0.00000,5,NULL,NULL),('2012-09-09 00:35:34','','gatewaeeeee','0506426558','default','SIP/gw-00000007','SIP/178.137.159.239:5060-00000008','AGI','HANGUP',1,0,'NO ANSWER',3,'1','','1','212.178.23.2','212.178.23.2','sip:gatewaeeeee@asteriska.co.cc','sip:gatewaeeeee@212.178.23.2','Twinkle/1.4.2','gsm','gsm','0.000000','0.000000','0.000000','0.000000','1347140134.7',0.00000,0.00000,0.00000,0.00000,8,NULL,NULL),('2012-09-09 00:40:29','','gatewaeeeee','0506426558','default','SIP/gw-00000000','SIP/178.137.159.239:5060-00000001','AGI','HANGUP',1,0,'NO ANSWER',3,'1','','1','212.178.23.2','212.178.23.2','sip:gatewaeeeee@asteriska.co.cc','sip:gatewaeeeee@212.178.23.2','Twinkle/1.4.2','gsm','gsm','0.000000','0.000000','0.000000','0.000000','1347140429.0',0.00000,0.00000,0.00000,0.00000,8,1,1),('2012-09-09 00:45:56','','gatewaeeeee','0506426558','default','SIP/gw-00000002','SIP/178.137.159.239:5060-00000003','AGI','HANGUP',14,0,'BUSY',3,'1','','17','212.178.23.2','212.178.23.2','sip:gatewaeeeee@asteriska.co.cc','sip:gatewaeeeee@212.178.23.2','Twinkle/1.4.2','gsm','gsm','0.000000','0.000000','0.000000','0.000000','1347140756.2',0.00000,0.00000,0.00000,0.00000,8,1,1),('2012-09-09 00:46:31','','gatewaeeeee','0506426558','default','SIP/gw-00000004','SIP/178.137.159.239:5060-00000005','Dial','SIP/+0506426558@178.137.159.239:5060',10,0,'NO ANSWER',3,'1','','0','212.178.23.2','212.178.23.2','sip:gatewaeeeee@asteriska.co.cc','sip:gatewaeeeee@212.178.23.2','Twinkle/1.4.2','gsm','gsm','0.000000','0.000000','0.000000','0.000000','1347140791.4',0.00000,0.00000,0.00000,0.00000,8,1,1),('2012-09-09 00:50:30','','gatewaeeeee','0506426558','default','SIP/gw-00000006','SIP/178.137.159.239:5060-00000007','AGI','HANGUP',1,0,'FAILED',3,'1','','34','212.178.23.2','212.178.23.2','sip:gatewaeeeee@asteriska.co.cc','sip:gatewaeeeee@212.178.23.2','Twinkle/1.4.2','gsm','gsm','0.000000','0.000000','0.000000','0.000000','1347141030.6',0.00000,0.00000,0.00000,0.00000,8,1,1),('2012-09-09 00:50:55','','gatewaeeeee','0506426558','default','SIP/gw-00000008','SIP/178.137.159.239:5060-00000009','AGI','HANGUP',13,0,'BUSY',3,'1','','17','212.178.23.2','212.178.23.2','sip:gatewaeeeee@asteriska.co.cc','sip:gatewaeeeee@212.178.23.2','Twinkle/1.4.2','gsm','gsm','0.000000','0.000000','0.000000','0.000000','1347141055.8',0.00000,0.00000,0.00000,0.00000,8,1,1),('2012-09-09 00:56:15','','gatewaeeeee','0979960243','default','SIP/gw-0000000a','SIP/178.137.159.239:5060-0000000b','AGI','HANGUP',14,0,'BUSY',3,'1','','17','212.178.23.2','212.178.23.2','sip:gatewaeeeee@asteriska.co.cc','sip:gatewaeeeee@212.178.23.2','Twinkle/1.4.2','gsm','gsm','0.000000','0.000000','0.000000','0.000000','1347141375.10',0.00000,0.00000,0.00000,0.00000,8,1,2),('2012-09-09 00:57:49','','gatewaeeeee','0979960243','default','SIP/gw-0000000d','SIP/178.137.159.239:5060-0000000e','AGI','HANGUP',1,0,'NO ANSWER',3,'1','','21','212.178.23.2','212.178.23.2','sip:gatewaeeeee@asteriska.co.cc','sip:gatewaeeeee@212.178.23.2','Twinkle/1.4.2','gsm','gsm','0.000000','0.000000','0.000000','0.000000','1347141469.13',0.00000,0.00000,0.00000,0.00000,8,1,2),('2012-09-09 00:58:21','','gatewaeeeee','0979960243','default','SIP/gw-0000000f','SIP/178.137.159.239:5060-00000010','AGI','HANGUP',1,0,'NO ANSWER',3,'1','','21','212.178.23.2','212.178.23.2','sip:gatewaeeeee@asteriska.co.cc','sip:gatewaeeeee@212.178.23.2','Twinkle/1.4.2','gsm','gsm','0.000000','0.000000','0.000000','0.000000','1347141501.15',0.00000,0.00000,0.00000,0.00000,8,1,2),('2012-09-09 01:00:01','','gatewaeeeee','0979960243','default','SIP/gw-00000013','SIP/178.137.159.239:5060-00000014','AGI','HANGUP',5,0,'FAILED',3,'1','','34','212.178.23.2','212.178.23.2','sip:gatewaeeeee@asteriska.co.cc','sip:gatewaeeeee@212.178.23.2','Twinkle/1.4.2','gsm','gsm','0.000000','0.000000','0.000000','0.000000','1347141601.19',0.00000,0.00000,0.00000,0.00000,8,1,2),('2012-09-09 01:02:25','','gatewaeeeee','0506426558','default','SIP/gw-00000015','SIP/178.137.159.239:5060-00000016','Dial','SIP/0506426558@178.137.159.239:5060',6,0,'ANSWERED',3,'1','','16','212.178.23.2','212.178.23.2','sip:gatewaeeeee@asteriska.co.cc','sip:gatewaeeeee@212.178.23.2','Twinkle/1.4.2','gsm','gsm','0.000000','0.000000','0.000000','0.000000','1347141745.21',0.00000,0.00000,0.00000,0.00000,8,1,1),('2012-09-09 01:02:51','','gatewaeeeee','0506426558','default','SIP/gw-00000017','SIP/178.137.159.239:5060-00000018','AGI','HANGUP',2,0,'FAILED',3,'1','','34','212.178.23.2','212.178.23.2','sip:gatewaeeeee@asteriska.co.cc','sip:gatewaeeeee@212.178.23.2','Twinkle/1.4.2','gsm','gsm','0.000000','0.000000','0.000000','0.000000','1347141771.23',0.00000,0.00000,0.00000,0.00000,8,1,1),('2012-09-09 01:02:58','','gatewaeeeee','0506426558','default','SIP/gw-00000019','SIP/178.137.159.239:5060-0000001a','AGI','HANGUP',2,0,'FAILED',3,'1','','34','212.178.23.2','212.178.23.2','sip:gatewaeeeee@asteriska.co.cc','sip:gatewaeeeee@212.178.23.2','Twinkle/1.4.2','gsm','gsm','0.000000','0.000000','0.000000','0.000000','1347141778.25',0.00000,0.00000,0.00000,0.00000,8,1,1),('2012-09-09 01:03:04','','gatewaeeeee','0979960243','default','SIP/gw-0000001b','SIP/178.137.159.239:5060-0000001c','Dial','SIP/0979960243@178.137.159.239:5060',5,0,'ANSWERED',3,'1','','16','212.178.23.2','212.178.23.2','sip:gatewaeeeee@asteriska.co.cc','sip:gatewaeeeee@212.178.23.2','Twinkle/1.4.2','gsm','gsm','0.000000','0.000000','0.000000','0.000000','1347141784.27',0.00000,0.00000,0.00000,0.00000,8,1,2),('2012-09-09 01:05:04','','gatewaeeeee','0979960243','default','SIP/gw-0000001d','SIP/178.137.159.239:5060-0000001e','Dial','SIP/0979960243@178.137.159.239:5060',6,0,'ANSWERED',3,'1','','16','212.178.23.2','212.178.23.2','sip:gatewaeeeee@asteriska.co.cc','sip:gatewaeeeee@212.178.23.2','Twinkle/1.4.2','gsm','gsm','0.000000','0.000000','0.000000','0.000000','1347141904.29',0.00000,0.00000,0.00000,0.00000,8,1,2),('2012-09-09 01:09:12','','gatewaeeeee','0979960243','default','SIP/gw-0000001f','SIP/178.137.159.239:5060-00000020','Dial','SIP/0979960243@178.137.159.239:5060',7,0,'ANSWERED',3,'1','','16','212.178.23.2','212.178.23.2','sip:gatewaeeeee@asteriska.co.cc','sip:gatewaeeeee@212.178.23.2','Twinkle/1.4.2','gsm','gsm','0.000000','0.000000','0.000000','0.000000','1347142152.31',0.00000,0.00000,0.00000,0.00000,8,1,2),('2012-09-09 01:11:03','','gatewaeeeee','0979960243','default','SIP/gw-00000021','SIP/178.137.159.239:5060-00000022','Dial','SIP/0979960243@178.137.159.239:5060',6,0,'ANSWERED',3,'1','','16','212.178.23.2','212.178.23.2','sip:gatewaeeeee@asteriska.co.cc','sip:gatewaeeeee@212.178.23.2','Twinkle/1.4.2','gsm','gsm','0.000000','0.000000','0.000000','0.000000','1347142263.33',0.00000,0.00000,0.00000,0.00000,8,1,2),('2012-09-09 01:14:14','','gatewaeeeee','0979960243','default','SIP/gw-00000023','SIP/178.137.159.239:5060-00000024','AGI','HANGUP',5,0,'FAILED',3,'1','','34','212.178.23.2','212.178.23.2','sip:gatewaeeeee@asteriska.co.cc','sip:gatewaeeeee@212.178.23.2','Twinkle/1.4.2','gsm','gsm','0.000000','0.000000','0.000000','0.000000','1347142454.35',0.00000,0.00000,0.00000,0.00000,8,1,2),('2012-09-09 01:14:26','','gatewaeeeee','0979960243','default','SIP/gw-00000025','SIP/178.137.159.239:5060-00000026','AGI','HANGUP',5,0,'FAILED',3,'1','','34','212.178.23.2','212.178.23.2','sip:gatewaeeeee@asteriska.co.cc','sip:gatewaeeeee@212.178.23.2','Twinkle/1.4.2','gsm','gsm','0.000000','0.000000','0.000000','0.000000','1347142466.37',0.00000,0.00000,0.00000,0.00000,8,1,2),('2012-09-09 01:14:39','','gatewaeeeee','0979960243','default','SIP/gw-00000027','SIP/178.137.159.239:5060-00000028','AGI','HANGUP',5,0,'FAILED',3,'1','','34','212.178.23.2','212.178.23.2','sip:gatewaeeeee@asteriska.co.cc','sip:gatewaeeeee@212.178.23.2','Twinkle/1.4.2','gsm','gsm','0.000000','0.000000','0.000000','0.000000','1347142479.39',0.00000,0.00000,0.00000,0.00000,8,1,2),('2012-09-09 01:15:33','','gatewaeeeee','0979960243','default','SIP/gw-00000029','SIP/178.137.159.239:5060-0000002a','Dial','SIP/0979960243@178.137.159.239:5060',5,0,'ANSWERED',3,'1','','16','212.178.23.2','212.178.23.2','sip:gatewaeeeee@asteriska.co.cc','sip:gatewaeeeee@212.178.23.2','Twinkle/1.4.2','gsm','gsm','0.000000','0.000000','0.000000','0.000000','1347142533.41',0.00000,0.00000,0.00000,0.00000,8,1,2),('2012-09-09 01:22:52','','gatewaeeeee','0979960243','default','SIP/gw-0000002b','SIP/178.137.159.239:5060-0000002c','Dial','SIP/0979960243@178.137.159.239:5060',9,2,'ANSWERED',3,'1','','16','212.178.23.2','212.178.23.2','sip:gatewaeeeee@asteriska.co.cc','sip:gatewaeeeee@212.178.23.2','Twinkle/1.4.2','gsm','gsm','0.000000','0.000000','0.004117','0.000000','1347142972.43',0.00390,0.00000,0.00000,0.00000,8,1,2),('2012-09-09 01:28:49','','gatewaeeeee','0979960243','default','SIP/gw-0000002d','SIP/178.137.159.239:5060-0000002e','Dial','SIP/0979960243@178.137.159.239:5060',47,29,'ANSWERED',3,'1','','16','212.178.23.2','212.178.23.2','sip:gatewaeeeee@asteriska.co.cc','sip:gatewaeeeee@212.178.23.2','Twinkle/1.4.2','gsm','gsm','0.000000','8934.000000','0.004384','159683712.000000','1347143329.45',0.00372,2436.00000,0.00000,8934.00000,8,1,2),('2012-09-09 01:36:00','','gatewaeeeee','0979960243','default','SIP/gw-0000002f','SIP/178.137.159.239:5060-00000030','AGI','HANGUP',1,0,'FAILED',3,'1','','34','212.178.23.2','212.178.23.2','sip:gatewaeeeee@asteriska.co.cc','sip:gatewaeeeee@212.178.23.2','Twinkle/1.4.2','gsm','gsm','0.000000','0.000000','0.000000','0.000000','1347143760.47',0.00000,0.00000,0.00000,0.00000,8,1,2),('2012-09-09 01:36:06','','gatewaeeeee','0979960243','default','SIP/gw-00000031','SIP/178.137.159.239:5060-00000032','AGI','HANGUP',1,0,'FAILED',3,'1','','34','212.178.23.2','212.178.23.2','sip:gatewaeeeee@asteriska.co.cc','sip:gatewaeeeee@212.178.23.2','Twinkle/1.4.2','gsm','gsm','0.000000','0.000000','0.000000','0.000000','1347143766.49',0.00000,0.00000,0.00000,0.00000,8,1,2),('2012-09-09 01:37:11','','gatewaeeeee','0979960243','default','SIP/gw-00000033','SIP/178.137.159.239:5060-00000034','AGI','HANGUP',1,0,'FAILED',3,'1','','34','212.178.23.2','212.178.23.2','sip:gatewaeeeee@asteriska.co.cc','sip:gatewaeeeee@212.178.23.2','Twinkle/1.4.2','gsm','gsm','0.000000','0.000000','0.000000','0.000000','1347143831.51',0.00000,0.00000,0.00000,0.00000,8,1,2),('2012-09-09 01:37:18','','gatewaeeeee','0979960243','default','SIP/gw-00000035','SIP/178.137.159.239:5060-00000036','Dial','SIP/0979960243@178.137.159.239:5060',15,0,'NO ANSWER',3,'1','','0','212.178.23.2','212.178.23.2','sip:gatewaeeeee@asteriska.co.cc','sip:gatewaeeeee@212.178.23.2','Twinkle/1.4.2','gsm','gsm','0.000000','0.000000','0.003942','0.000000','1347143838.53',0.00269,0.00000,0.00000,0.00000,8,1,2),('2012-09-09 01:45:31','','gatewaeeeee','0979960243','default','SIP/gw-00000037','SIP/178.137.159.239:5060-00000038','Dial','SIP/0979960243@178.137.159.239:5060',11,0,'NO ANSWER',3,'1','','0','212.178.23.2','212.178.23.2','sip:gatewaeeeee@asteriska.co.cc','sip:gatewaeeeee@212.178.23.2','Twinkle/1.4.2','gsm','gsm','0.000000','0.000000','0.004470','0.000000','1347144331.55',0.00357,0.00000,0.00000,0.00000,8,1,2),('2012-09-09 01:46:00','','gatewaeeeee','0979960243','default','SIP/gw-00000039','SIP/178.137.159.239:5060-0000003a','Dial','SIP/0979960243@178.137.159.239:5060',39,21,'ANSWERED',3,'1','','16','212.178.23.2','212.178.23.2','sip:gatewaeeeee@asteriska.co.cc','sip:gatewaeeeee@212.178.23.2','Twinkle/1.4.2','gsm','gsm','0.000000','10212.000000','0.004376','159564208.000000','1347144360.57',0.00371,2434.00000,0.00000,10212.00000,8,1,2),('2012-09-09 01:58:59','','gatewaeeeee','0979960243','default','SIP/gw-0000003b','SIP/178.137.159.239:5060-0000003c','Dial','SIP/0979960243@178.137.159.239:5060',20,7,'ANSWERED',3,'1','','16','212.178.23.2','212.178.23.2','sip:gatewaeeeee@asteriska.co.cc','sip:gatewaeeeee@212.178.23.2','Twinkle/1.4.2','gsm','gsm','0.000000','0.000000','0.002372','0.000000','1347145139.59',0.00106,0.00000,0.00000,0.00000,8,1,2),('2012-09-09 02:26:28','','gatewaeeeee','0979960243','default','SIP/gw-00000000','SIP/178.137.159.239:5060-00000001','Dial','SIP/0979960243@178.137.159.239:5060',58,44,'ANSWERED',3,'1','','16','212.178.23.2','212.178.23.2','sip:gatewaeeeee@asteriska.co.cc','sip:gatewaeeeee@212.178.23.2','Twinkle/1.4.2','gsm','gsm','0.000000','0.000000','0.003708','0.000000','1347146788.0',0.00257,0.00000,0.00000,0.00000,8,1,2),('2012-09-09 02:27:30','','gatewaeeeee','0979960243','default','SIP/gw-00000002','SIP/178.137.159.239:5060-00000003','Dial','SIP/0979960243@178.137.159.239:5060',10,0,'NO ANSWER',3,'1','','0','212.178.23.2','212.178.23.2','sip:gatewaeeeee@asteriska.co.cc','sip:gatewaeeeee@212.178.23.2','Twinkle/1.4.2','gsm','gsm','0.000000','0.000000','0.001819','0.000000','1347146850.2',0.00134,0.00000,0.00000,0.00000,8,1,2),('2012-09-09 02:29:23','','gatewaeeeee','0979960243','default','SIP/gw-00000004','SIP/178.137.159.239:5060-00000005','Dial','SIP/0979960243@178.137.159.239:5060',216,200,'ANSWERED',3,'1','','16','212.178.23.2','212.178.23.2','sip:gatewaeeeee@188.138.82.158','sip:gatewaeeeee@212.178.23.2','Twinkle/1.4.2','gsm','gsm','0.000000','0.000000','0.001973','0.000000','1347146963.4',0.00090,0.00000,0.00000,0.00000,8,1,2),('2012-09-09 21:39:50','','gatewaeeeee','0979960243','default','SIP/gw-00000006','SIP/178.137.159.239:5060-00000007','Dial','SIP/0979960243@178.137.159.239:5060',23,4,'ANSWERED',3,'1','','16','188.115.146.223','188.115.146.223','sip:gatewaeeeee@188.138.82.158','sip:gatewaeeeee@188.115.146.223','Twinkle/1.4.2','gsm','gsm','0.000000','42257.000000','0.003137','160428496.000000','1347215990.6',0.00314,2447.00000,0.00000,42257.00000,8,1,2),('2012-09-13 08:54:23','','gatewaeeeee','0506426558','default','SIP/gw-00000002','SIP/213.231.6.148:7074-00000003','AGI','HANGUP',19,0,'FAILED',3,'1','','19','37.203.5.14','37.203.5.14','sip:gatewaeeeee@188.138.82.158','sip:gatewaeeeee@37.203.5.14','Twinkle/1.4.2','ulaw','ulaw','0.000000','62802.000000','0.005218','168964512.000000','1347515663.2',0.00417,2429.00000,0.00000,62802.00000,5,1,1),('2012-09-13 08:56:07','','gatewaeeeee','0506426558','default','SIP/gw-00000004','SIP/213.231.6.148:7074-00000005','Dial','SIP/0506426558@213.231.6.148:7074',2,0,'NO ANSWER',3,'1','','0','37.203.5.14','37.203.5.14','sip:gatewaeeeee@188.138.82.158','sip:gatewaeeeee@37.203.5.14','Twinkle/1.4.2','ulaw','ulaw','0.000000','0.000000','0.000000','0.000000','1347515767.4',0.00000,0.00000,0.00000,0.00000,5,1,1),('2012-09-13 11:56:44','','111','0935070663','default','SIP/188.138.82.158-00000008','SIP/178.137.159.239:5070-00000009','AGI','HANGUP',1,0,'NO ANSWER',3,'','','1','85.238.97.154','85.238.97.154','sip:111@188.138.82.158;transport=UDP','sip:111@192.168.4.160:5060','Zoiper rev.11137','ulaw','ulaw','0.000000','0.000000','0.000000','0.000000','1347526604.8',0.00000,0.00000,0.00000,0.00000,8,NULL,3),('2012-09-13 11:58:19','','111','0935070663','default','SIP/188.138.82.158-0000000a','SIP/178.137.159.239:5070-0000000b','AGI','HANGUP',1,0,'NO ANSWER',3,'','','1','85.238.97.154','85.238.97.154','sip:111@188.138.82.158;transport=UDP','sip:111@192.168.4.160:5060','Zoiper rev.11137','ulaw','ulaw','0.000000','0.000000','0.000000','0.000000','1347526699.10',0.00000,0.00000,0.00000,0.00000,8,NULL,3),('2012-09-13 11:58:58','','111','0979960243','default','SIP/188.138.82.158-0000000c','SIP/178.137.159.239:5070-0000000d','AGI','HANGUP',1,0,'NO ANSWER',3,'','','1','85.238.97.154','85.238.97.154','sip:111@188.138.82.158;transport=UDP','sip:111@192.168.4.160:5060','Zoiper rev.11137','ulaw','ulaw','0.000000','0.000000','0.000000','0.000000','1347526738.12',0.00000,0.00000,0.00000,0.00000,8,NULL,2),('2012-09-13 11:59:15','','111','0979960243','default','SIP/188.138.82.158-0000000e','SIP/178.137.159.239:5070-0000000f','AGI','HANGUP',1,0,'NO ANSWER',3,'','','1','85.238.97.154','85.238.97.154','sip:111@188.138.82.158;transport=UDP','sip:111@192.168.4.160:5060','Zoiper rev.11137','ulaw','ulaw','0.000000','0.000000','0.000000','0.000000','1347526755.14',0.00000,0.00000,0.00000,0.00000,8,NULL,2),('2012-09-13 12:02:39','','111','0935070663','default','SIP/188.138.82.158-00000010','SIP/178.137.159.239:5070-00000011','AGI','HANGUP',1,0,'NO ANSWER',3,'','','1','85.238.97.154','85.238.97.154','sip:111@188.138.82.158;transport=UDP','sip:111@192.168.4.160:5060','Zoiper rev.11137','ulaw','ulaw','0.000000','0.000000','0.000000','0.000000','1347526959.16',0.00000,0.00000,0.00000,0.00000,8,NULL,3),('2012-09-13 12:05:57','','111','0935070663','default','SIP/188.138.82.158-00000012','SIP/178.137.159.239:5070-00000013','AGI','HANGUP',2,0,'FAILED',3,'','','34','85.238.97.154','85.238.97.154','sip:111@188.138.82.158;transport=UDP','sip:111@192.168.4.160:5060','Zoiper rev.11137','ulaw','ulaw','0.000000','0.000000','0.000000','0.000000','1347527157.18',0.00000,0.00000,0.00000,0.00000,8,NULL,3),('2012-09-13 12:09:59','','111','0935070663','default','SIP/188.138.82.158-00000014','SIP/178.137.159.239:5070-00000015','AGI','HANGUP',1,0,'FAILED',3,'','','34','85.238.97.154','85.238.97.154','sip:111@188.138.82.158;transport=UDP','sip:111@192.168.4.160:5060','Zoiper rev.11137','ulaw','ulaw','0.000000','0.000000','0.000000','0.000000','1347527399.20',0.00000,0.00000,0.00000,0.00000,8,NULL,3),('2012-09-13 12:22:21','','111','0935070663','default','SIP/188.138.82.158-00000019','SIP/178.137.159.239:5070-0000001a','AGI','HANGUP',19,0,'BUSY',3,'','','17','46.211.121.221','46.211.121.221','sip:111@188.138.82.158;transport=UDP','sip:111@46.211.121.221:23530','Zoiper rev.11137','ulaw','ulaw','0.000000','0.000000','0.000000','0.000000','1347528141.25',0.00000,0.00000,0.00000,0.00000,8,NULL,3),('2012-09-13 12:24:25','','111','0979960243','default','SIP/gw-0000001b','SIP/178.137.159.239:5070-0000001c','AGI','HANGUP',1,0,'NO ANSWER',3,'1','','21','46.211.121.221','46.211.121.221','sip:111@188.138.82.158;transport=UDP','sip:111@46.211.121.221:23530','Zoiper rev.11137','ulaw','ulaw','0.000000','0.000000','0.000000','0.000000','1347528265.27',0.00000,0.00000,0.00000,0.00000,8,1,2),('2012-09-13 12:24:46','','111','0979960243','default','SIP/gw-0000001d','SIP/178.137.159.239:5070-0000001e','AGI','HANGUP',2,0,'NO ANSWER',3,'1','','21','46.211.121.221','46.211.121.221','sip:111@188.138.82.158;transport=UDP','sip:111@46.211.121.221:23530','Zoiper rev.11137','ulaw','ulaw','0.000000','0.000000','0.000000','0.000000','1347528286.29',0.00000,0.00000,0.00000,0.00000,8,1,2),('2012-09-13 12:27:49','','111','0979960243','default','SIP/gw-00000020','SIP/178.137.159.239:7072-00000021','Dial','SIP/0979960243@178.137.159.239:7072',27,22,'ANSWERED',3,'1','','16','46.211.121.221','46.211.121.221','sip:111@188.138.82.158;transport=UDP','sip:111@46.211.121.221:23530','Zoiper rev.11137','ulaw','ulaw','0.000000','0.000000','0.036796','0.000000','1347528469.32',0.03680,0.00000,0.00000,0.00000,9,1,2),('2012-09-13 12:49:19','','111','0979960243','default','SIP/gw-00000022','SIP/178.137.159.239:7072-00000023','AGI','HANGUP',33,0,'NO ANSWER',3,'1','','111','46.211.121.221','46.211.121.221','sip:111@188.138.82.158;transport=UDP','sip:111@46.211.121.221:23530','Zoiper rev.11137','ulaw','ulaw','0.000000','0.000000','0.000000','0.000000','1347529759.34',0.00000,0.00000,0.00000,0.00000,9,1,2),('2012-09-13 14:40:24','','111','0979960243','default','SIP/188.138.82.158-00000024','SIP/178.137.159.239:7072-00000025','AGI','HANGUP',41,0,'FAILED',3,'','','19','178.137.159.239','178.137.159.239','sip:111@188.138.82.158;transport=UDP','sip:111@192.168.1.100:5060','Zoiper rev.11137','ulaw','ulaw','0.000000','0.000000','0.007820','0.000000','1347536424.36',0.00639,0.00000,0.00000,0.00000,9,NULL,2),('2012-09-13 14:47:21','','111','0979960243','default','SIP/188.138.82.158-00000027','SIP/178.137.159.239:7072-00000028','Dial','SIP/0979960243@178.137.159.239:7072',25,0,'NO ANSWER',3,'','','0','178.137.159.239','178.137.159.239','sip:111@188.138.82.158;transport=UDP','sip:111@178.137.159.239:5060','Zoiper rev.11137','ulaw','ulaw','0.000000','0.000000','0.006823','0.000000','1347536841.39',0.00622,0.00000,0.00000,0.00000,9,NULL,2),('2012-09-13 14:49:37','','111','0979960243','default','SIP/188.138.82.158-0000002b','SIP/178.137.159.239:7072-0000002c','Dial','SIP/0979960243@178.137.159.239:7072',17,12,'ANSWERED',3,'','','16','178.137.159.239','178.137.159.239','sip:111@188.138.82.158;transport=UDP','sip:111@178.137.159.239:5060','Zoiper rev.11137','ulaw','ulaw','0.000000','0.000000','0.007055','0.000000','1347536977.43',0.00645,0.00000,0.00000,0.00000,9,NULL,2),('2012-09-13 14:50:08','','111','0980642976','default','SIP/188.138.82.158-0000002d','SIP/178.137.159.239:7072-0000002e','Dial','SIP/0980642976@178.137.159.239:7072',26,16,'ANSWERED',3,'','','16','178.137.159.239','178.137.159.239','sip:111@188.138.82.158;transport=UDP','sip:111@178.137.159.239:5060','Zoiper rev.11137','ulaw','ulaw','0.000000','0.000000','0.006773','0.000000','1347537008.45',0.00603,0.00000,0.00000,0.00000,9,NULL,2),('2012-09-13 15:47:09','','gatewaeeeee','0980642976','default','SIP/188.138.82.158-00000030','SIP/178.137.159.239:5070-00000031','AGI','HANGUP',1,0,'NO ANSWER',3,'','','21','212.178.28.244','212.178.28.244','sip:gatewaeeeee@188.138.82.158','sip:gatewaeeeee@212.178.28.244','Twinkle/1.4.2','ulaw','ulaw','0.000000','0.000000','0.000000','0.000000','1347540429.48',0.00000,0.00000,0.00000,0.00000,8,NULL,2),('2012-09-13 15:49:25','','gatewaeeeee','0980642976','default','SIP/188.138.82.158-00000032','SIP/178.137.159.239:5070-00000033','AGI','HANGUP',1,0,'NO ANSWER',3,'','','21','212.178.28.244','212.178.28.244','sip:gatewaeeeee@188.138.82.158','sip:gatewaeeeee@212.178.28.244','Twinkle/1.4.2','ulaw','ulaw','0.000000','0.000000','0.000000','0.000000','1347540565.50',0.00000,0.00000,0.00000,0.00000,8,NULL,2),('2012-09-13 15:51:56','','gatewaeeeee','0980642976','default','SIP/188.138.82.158-00000034','SIP/178.137.159.239:5070-00000035','AGI','HANGUP',1,0,'NO ANSWER',3,'','','1','212.178.28.244','212.178.28.244','sip:gatewaeeeee@188.138.82.158','sip:gatewaeeeee@212.178.28.244','Twinkle/1.4.2','ulaw','ulaw','0.000000','0.000000','0.000000','0.000000','1347540716.52',0.00000,0.00000,0.00000,0.00000,8,NULL,2),('2012-09-13 15:54:22','','gatewaeeeee','0980642976','default','SIP/188.138.82.158-00000036','SIP/178.137.159.239:5070-00000037','AGI','HANGUP',2,0,'NO ANSWER',3,'','','1','212.178.28.244','212.178.28.244','sip:gatewaeeeee@188.138.82.158','sip:gatewaeeeee@212.178.28.244','Twinkle/1.4.2','ulaw','ulaw','0.000000','0.000000','0.000000','0.000000','1347540862.54',0.00000,0.00000,0.00000,0.00000,8,NULL,2),('2012-09-13 15:54:38','','gatewaeeeee','0980642976','default','SIP/188.138.82.158-00000038','SIP/178.137.159.239:5070-00000039','AGI','HANGUP',1,0,'NO ANSWER',3,'','','1','212.178.28.244','212.178.28.244','sip:gatewaeeeee@188.138.82.158','sip:gatewaeeeee@212.178.28.244','Twinkle/1.4.2','ulaw','ulaw','0.000000','0.000000','0.000000','0.000000','1347540878.56',0.00000,0.00000,0.00000,0.00000,8,NULL,2),('2012-09-13 15:55:18','','gatewaeeeee','0980642976','default','SIP/188.138.82.158-0000003a','SIP/178.137.159.239:5070-0000003b','AGI','HANGUP',1,0,'NO ANSWER',3,'','','1','212.178.28.244','212.178.28.244','sip:gatewaeeeee@188.138.82.158','sip:gatewaeeeee@212.178.28.244','Twinkle/1.4.2','ulaw','ulaw','0.000000','0.000000','0.000000','0.000000','1347540918.58',0.00000,0.00000,0.00000,0.00000,8,NULL,2),('2012-09-13 15:55:26','','gatewaeeeee','0980642976','default','SIP/188.138.82.158-0000003c','SIP/178.137.159.239:5070-0000003d','AGI','HANGUP',1,0,'NO ANSWER',3,'','','1','212.178.28.244','212.178.28.244','sip:gatewaeeeee@188.138.82.158','sip:gatewaeeeee@212.178.28.244','Twinkle/1.4.2','ulaw','ulaw','0.000000','0.000000','0.000000','0.000000','1347540926.60',0.00000,0.00000,0.00000,0.00000,8,NULL,2),('2012-09-13 15:56:49','','gatewaeeeee','0980642976','default','SIP/188.138.82.158-0000003f','SIP/178.137.159.239:5070-00000040','AGI','HANGUP',2,0,'NO ANSWER',3,'','','1','212.178.28.244','212.178.28.244','sip:gatewaeeeee@188.138.82.158','sip:gatewaeeeee@212.178.28.244','Twinkle/1.4.2','ulaw','ulaw','0.000000','0.000000','0.000000','0.000000','1347541009.63',0.00000,0.00000,0.00000,0.00000,8,NULL,2),('2012-09-13 15:58:42','','gatewaeeeee','0980642976','default','SIP/188.138.82.158-00000041','SIP/178.137.159.239:5070-00000042','AGI','HANGUP',2,0,'NO ANSWER',3,'','','21','212.178.28.244','212.178.28.244','sip:gatewaeeeee@188.138.82.158','sip:gatewaeeeee@212.178.28.244','Twinkle/1.4.2','ulaw','ulaw','0.000000','0.000000','0.000000','0.000000','1347541122.65',0.00000,0.00000,0.00000,0.00000,8,NULL,2),('2012-09-13 16:01:45','','gatewaeeeee','0980642976','default','SIP/188.138.82.158-00000043','SIP/178.137.159.239:5071-00000044','AGI','HANGUP',1,0,'FAILED',3,'','','34','212.178.28.244','212.178.28.244','sip:gatewaeeeee@188.138.82.158','sip:gatewaeeeee@212.178.28.244','Twinkle/1.4.2','ulaw','ulaw','0.000000','0.000000','0.000000','0.000000','1347541305.67',0.00000,0.00000,0.00000,0.00000,8,NULL,2),('2012-09-13 16:05:14','','gatewaeeeee','0980642976','default','SIP/188.138.82.158-00000045','SIP/178.137.159.239:5071-00000046','AGI','HANGUP',1,0,'FAILED',3,'','','34','212.178.28.244','212.178.28.244','sip:gatewaeeeee@188.138.82.158','sip:gatewaeeeee@212.178.28.244','Twinkle/1.4.2','ulaw','ulaw','0.000000','0.000000','0.000000','0.000000','1347541514.69',0.00000,0.00000,0.00000,0.00000,8,NULL,2),('2012-09-13 16:05:35','','gatewaeeeee','0980642976','default','SIP/188.138.82.158-00000047','SIP/178.137.159.239:5071-00000048','AGI','HANGUP',2,0,'NO ANSWER',3,'','','21','212.178.28.244','212.178.28.244','sip:gatewaeeeee@188.138.82.158','sip:gatewaeeeee@212.178.28.244','Twinkle/1.4.2','ulaw','ulaw','0.000000','0.000000','0.000000','0.000000','1347541535.71',0.00000,0.00000,0.00000,0.00000,8,NULL,2),('2012-09-13 16:06:43','','gatewaeeeee','0980642976','default','SIP/188.138.82.158-00000049','SIP/178.137.159.239:5071-0000004a','AGI','HANGUP',2,0,'NO ANSWER',3,'','','21','212.178.28.244','212.178.28.244','sip:gatewaeeeee@188.138.82.158','sip:gatewaeeeee@212.178.28.244','Twinkle/1.4.2','ulaw','ulaw','0.000000','0.000000','0.000000','0.000000','1347541603.73',0.00000,0.00000,0.00000,0.00000,8,NULL,2),('2012-09-13 16:06:59','','gatewaeeeee','0980642976','default','SIP/188.138.82.158-0000004b','SIP/178.137.159.239:5071-0000004c','AGI','HANGUP',2,0,'FAILED',3,'','','34','212.178.28.244','212.178.28.244','sip:gatewaeeeee@188.138.82.158','sip:gatewaeeeee@212.178.28.244','Twinkle/1.4.2','ulaw','ulaw','0.000000','0.000000','0.000000','0.000000','1347541619.75',0.00000,0.00000,0.00000,0.00000,8,NULL,2),('2012-09-13 16:07:18','','gatewaeeeee','0980642976','default','SIP/188.138.82.158-0000004d','SIP/178.137.159.239:5071-0000004e','Dial','SIP/090980642976@178.137.159.239:5071',12,0,'NO ANSWER',3,'','','0','212.178.28.244','212.178.28.244','sip:gatewaeeeee@188.138.82.158','sip:gatewaeeeee@212.178.28.244','Twinkle/1.4.2','ulaw','ulaw','0.000000','0.000000','0.002428','0.000000','1347541638.77',0.00097,0.00000,0.00000,0.00000,8,NULL,2),('2012-09-13 16:09:03','','gatewaeeeee','0980642976','default','SIP/188.138.82.158-0000004f','SIP/178.137.159.239:5071-00000050','AGI','HANGUP',2,0,'FAILED',3,'','','34','212.178.28.244','212.178.28.244','sip:gatewaeeeee@188.138.82.158','sip:gatewaeeeee@212.178.28.244','Twinkle/1.4.2','ulaw','ulaw','0.000000','0.000000','0.000000','0.000000','1347541743.79',0.00000,0.00000,0.00000,0.00000,8,NULL,2),('2012-09-13 16:09:26','','gatewaeeeee','0980642976','default','SIP/188.138.82.158-00000051','SIP/178.137.159.239:5071-00000052','AGI','HANGUP',5,0,'FAILED',3,'','','34','212.178.28.244','212.178.28.244','sip:gatewaeeeee@188.138.82.158','sip:gatewaeeeee@212.178.28.244','Twinkle/1.4.2','ulaw','ulaw','0.000000','0.000000','0.000000','0.000000','1347541766.81',0.00000,0.00000,0.00000,0.00000,8,NULL,2),('2012-09-13 16:09:35','','gatewaeeeee','0980642976','default','SIP/188.138.82.158-00000053','SIP/178.137.159.239:5071-00000054','Dial','SIP/0980642976@178.137.159.239:5071',3,0,'NO ANSWER',3,'','','0','212.178.28.244','212.178.28.244','sip:gatewaeeeee@188.138.82.158','sip:gatewaeeeee@212.178.28.244','Twinkle/1.4.2','ulaw','ulaw','0.000000','0.000000','0.000000','0.000000','1347541775.83',0.00000,0.00000,0.00000,0.00000,8,NULL,2),('2012-09-13 16:10:28','','gatewaeeeee','0980642976','default','SIP/188.138.82.158-00000056','SIP/178.137.159.239:5071-00000057','AGI','HANGUP',1,0,'FAILED',3,'','','34','212.178.28.244','212.178.28.244','sip:gatewaeeeee@188.138.82.158','sip:gatewaeeeee@212.178.28.244','Twinkle/1.4.2','ulaw','ulaw','0.000000','0.000000','0.000000','0.000000','1347541828.86',0.00000,0.00000,0.00000,0.00000,8,NULL,2),('2012-09-13 16:11:51','','gatewaeeeee','0980642976','default','SIP/188.138.82.158-00000058','SIP/178.137.159.239:5071-00000059','AGI','HANGUP',1,0,'FAILED',3,'','','34','212.178.28.244','212.178.28.244','sip:gatewaeeeee@188.138.82.158','sip:gatewaeeeee@212.178.28.244','Twinkle/1.4.2','ulaw','ulaw','0.000000','0.000000','0.000000','0.000000','1347541911.88',0.00000,0.00000,0.00000,0.00000,8,NULL,2),('2012-09-13 16:12:21','','gatewaeeeee','0980642976','default','SIP/188.138.82.158-0000005a','SIP/178.137.159.239:5071-0000005b','AGI','HANGUP',5,0,'FAILED',3,'','','34','212.178.28.244','212.178.28.244','sip:gatewaeeeee@188.138.82.158','sip:gatewaeeeee@212.178.28.244','Twinkle/1.4.2','ulaw','ulaw','0.000000','0.000000','0.000000','0.000000','1347541941.90',0.00000,0.00000,0.00000,0.00000,8,NULL,2),('2012-09-13 16:13:18','','gatewaeeeee','0980642976','default','SIP/188.138.82.158-0000005c','SIP/178.137.159.239:5071-0000005d','AGI','HANGUP',2,0,'FAILED',3,'','','34','212.178.28.244','212.178.28.244','sip:gatewaeeeee@188.138.82.158','sip:gatewaeeeee@212.178.28.244','Twinkle/1.4.2','ulaw','ulaw','0.000000','0.000000','0.000000','0.000000','1347541998.92',0.00000,0.00000,0.00000,0.00000,8,NULL,2),('2012-09-13 16:13:30','','gatewaeeeee','0980642976','default','SIP/188.138.82.158-0000005e','SIP/178.137.159.239:5071-0000005f','AGI','HANGUP',1,0,'NO ANSWER',3,'','','21','212.178.28.244','212.178.28.244','sip:gatewaeeeee@188.138.82.158','sip:gatewaeeeee@212.178.28.244','Twinkle/1.4.2','ulaw','ulaw','0.000000','0.000000','0.000000','0.000000','1347542010.94',0.00000,0.00000,0.00000,0.00000,8,NULL,2),('2012-09-13 16:13:36','','gatewaeeeee','0980642976','default','SIP/188.138.82.158-00000060','SIP/178.137.159.239:5071-00000061','AGI','HANGUP',5,0,'FAILED',3,'','','34','212.178.28.244','212.178.28.244','sip:gatewaeeeee@188.138.82.158','sip:gatewaeeeee@212.178.28.244','Twinkle/1.4.2','ulaw','ulaw','0.000000','0.000000','0.000000','0.000000','1347542016.96',0.00000,0.00000,0.00000,0.00000,8,NULL,2),('2012-09-13 16:13:44','','gatewaeeeee','0980642976','default','SIP/188.138.82.158-00000062','SIP/178.137.159.239:5071-00000063','AGI','HANGUP',6,0,'FAILED',3,'','','34','212.178.28.244','212.178.28.244','sip:gatewaeeeee@188.138.82.158','sip:gatewaeeeee@212.178.28.244','Twinkle/1.4.2','ulaw','ulaw','0.000000','0.000000','0.000000','0.000000','1347542024.98',0.00000,0.00000,0.00000,0.00000,8,NULL,2),('2012-09-13 16:14:08','','gatewaeeeee','0980642976','default','SIP/188.138.82.158-00000064','SIP/178.137.159.239:5071-00000065','AGI','HANGUP',5,0,'FAILED',3,'','','34','212.178.28.244','212.178.28.244','sip:gatewaeeeee@188.138.82.158','sip:gatewaeeeee@212.178.28.244','Twinkle/1.4.2','ulaw','ulaw','0.000000','0.000000','0.000000','0.000000','1347542048.100',0.00000,0.00000,0.00000,0.00000,8,NULL,2),('2012-09-13 16:14:16','','gatewaeeeee','0980642976','default','SIP/188.138.82.158-00000066','SIP/178.137.159.239:5071-00000067','AGI','HANGUP',5,0,'FAILED',3,'','','34','212.178.28.244','212.178.28.244','sip:gatewaeeeee@188.138.82.158','sip:gatewaeeeee@212.178.28.244','Twinkle/1.4.2','ulaw','ulaw','0.000000','0.000000','0.000000','0.000000','1347542056.102',0.00000,0.00000,0.00000,0.00000,8,NULL,2),('2012-09-13 16:14:49','','gatewaeeeee','0980642976','default','SIP/188.138.82.158-00000068','SIP/178.137.159.239:5071-00000069','AGI','HANGUP',20,0,'BUSY',3,'','','17','212.178.28.244','212.178.28.244','sip:gatewaeeeee@188.138.82.158','sip:gatewaeeeee@212.178.28.244','Twinkle/1.4.2','ulaw','ulaw','0.000000','0.000000','0.000000','0.000000','1347542089.104',0.00000,0.00000,0.00000,0.00000,8,NULL,2),('2012-09-13 16:15:13','','gatewaeeeee','0980642976','default','SIP/188.138.82.158-0000006a','SIP/178.137.159.239:5071-0000006b','AGI','HANGUP',20,0,'BUSY',3,'','','17','212.178.28.244','212.178.28.244','sip:gatewaeeeee@188.138.82.158','sip:gatewaeeeee@212.178.28.244','Twinkle/1.4.2','ulaw','ulaw','0.000000','0.000000','0.000000','0.000000','1347542113.106',0.00000,0.00000,0.00000,0.00000,8,NULL,2),('2012-09-13 16:15:54','','gatewaeeeee','0979960243','default','SIP/188.138.82.158-0000006c','SIP/178.137.159.239:5071-0000006d','AGI','HANGUP',20,0,'BUSY',3,'','','17','212.178.28.244','212.178.28.244','sip:gatewaeeeee@188.138.82.158','sip:gatewaeeeee@212.178.28.244','Twinkle/1.4.2','ulaw','ulaw','0.000000','0.000000','0.000000','0.000000','1347542154.108',0.00000,0.00000,0.00000,0.00000,8,NULL,2),('2012-09-13 16:16:45','','gatewaeeeee','0980642976','default','SIP/188.138.82.158-0000006e','SIP/178.137.159.239:5071-0000006f','AGI','HANGUP',19,0,'BUSY',3,'','','17','212.178.28.244','212.178.28.244','sip:gatewaeeeee@188.138.82.158','sip:gatewaeeeee@212.178.28.244','Twinkle/1.4.2','ulaw','ulaw','0.000000','0.000000','0.000000','0.000000','1347542205.110',0.00000,0.00000,0.00000,0.00000,8,NULL,2);
/*!40000 ALTER TABLE `cdr` ENABLE KEYS */;
UNLOCK TABLES;

--
-- Table structure for table `chan_groups`
--

DROP TABLE IF EXISTS `chan_groups`;
/*!40101 SET @saved_cs_client     = @@character_set_client */;
/*!40101 SET character_set_client = utf8 */;
CREATE TABLE `chan_groups` (
  `id` int(11) NOT NULL auto_increment,
  `chan_group_name` varchar(50) default NULL,
  `max_channels_cnt` int(11) default NULL,
  `max_channels_online` int(11) default NULL,
  PRIMARY KEY  (`id`),
  UNIQUE KEY `index_chan_groups_on_chan_group_name` (`chan_group_name`)
) ENGINE=InnoDB AUTO_INCREMENT=4 DEFAULT CHARSET=latin1;
/*!40101 SET character_set_client = @saved_cs_client */;

--
-- Dumping data for table `chan_groups`
--

LOCK TABLES `chan_groups` WRITE;
/*!40000 ALTER TABLE `chan_groups` DISABLE KEYS */;
INSERT INTO `chan_groups` VALUES (1,'12',1,1),(2,'13',2,1),(3,'10',3,1);
/*!40000 ALTER TABLE `chan_groups` ENABLE KEYS */;
UNLOCK TABLES;

--
-- Table structure for table `chan_prefix_groups`
--

DROP TABLE IF EXISTS `chan_prefix_groups`;
/*!40101 SET @saved_cs_client     = @@character_set_client */;
/*!40101 SET character_set_client = utf8 */;
CREATE TABLE `chan_prefix_groups` (
  `id` int(11) NOT NULL auto_increment,
  `channel_id` int(11) default NULL,
  `prefix_group_id` int(11) default NULL,
  `max_minutes_per_day` int(11) default NULL,
  `interval_mins` int(11) default NULL,
  `calls_per_interval` int(11) default NULL,
  `call_min_interval` int(11) default NULL,
  `strict` tinyint(1) default NULL,
  `enabled` tinyint(1) default NULL,
  PRIMARY KEY  (`id`)
) ENGINE=InnoDB AUTO_INCREMENT=63 DEFAULT CHARSET=latin1;
/*!40101 SET character_set_client = @saved_cs_client */;

--
-- Dumping data for table `chan_prefix_groups`
--

LOCK TABLES `chan_prefix_groups` WRITE;
/*!40000 ALTER TABLE `chan_prefix_groups` DISABLE KEYS */;
INSERT INTO `chan_prefix_groups` VALUES (2,1,1,2,0,100,0,NULL,NULL),(3,3,1,2,0,100,0,NULL,NULL),(5,6,2,30,60,2,60,0,1),(6,6,1,50,60,30,60,1,1),(7,4,1,60,0,100,0,NULL,NULL),(11,7,4,1,60,2,60,0,1),(12,7,2,3,60,2,60,0,1),(13,7,3,1,60,2,60,0,1),(14,7,1,2,60,2,60,0,1),(15,7,5,1,60,2,60,0,0),(20,8,3,1,0,100,0,0,1),(21,8,2,3,0,100,0,0,0),(22,8,1,2,0,100,0,0,0),(23,5,1,6,50,10,10,0,1),(26,5,2,5,0,100,0,0,0),(27,9,4,1,60,2,60,0,0),(28,9,2,3,60,2,60,0,1),(29,9,3,1,60,2,60,0,0),(30,9,1,2,60,2,60,0,1),(31,9,5,1,60,2,60,0,0),(32,8,4,1,60,2,60,0,0),(33,8,5,1,60,2,60,0,0),(34,5,4,1,60,2,60,0,0),(35,5,3,1,60,2,60,0,0),(36,5,5,1,60,2,60,0,0),(37,8,6,2,0,100,0,0,0),(38,7,6,2,60,2,60,0,0),(39,10,4,1,60,2,60,0,0),(40,10,2,3,60,2,60,0,1),(41,10,3,1,60,2,60,0,0),(42,10,1,2,60,2,60,0,0),(43,10,6,2,60,2,60,0,0),(44,10,5,1,60,2,60,0,0),(51,12,4,1,60,2,60,0,1),(52,12,2,3,60,2,60,0,0),(53,12,3,1,60,2,60,0,0),(54,12,1,2,60,2,60,0,0),(55,12,6,2,60,2,60,0,0),(56,12,5,1,60,2,60,0,0),(57,13,4,1,60,2,60,0,1),(58,13,2,3,60,2,60,0,0),(59,13,3,1,60,2,60,0,0),(60,13,1,2,60,2,60,0,0),(61,13,6,2,60,2,60,0,0),(62,13,5,1,60,2,60,0,0);
/*!40000 ALTER TABLE `chan_prefix_groups` ENABLE KEYS */;
UNLOCK TABLES;

--
-- Table structure for table `channels`
--

DROP TABLE IF EXISTS `channels`;
/*!40101 SET @saved_cs_client     = @@character_set_client */;
/*!40101 SET character_set_client = utf8 */;
CREATE TABLE `channels` (
  `id` int(11) NOT NULL auto_increment,
  `sip_id` int(11) default NULL,
  `status` int(11) default NULL,
  `chan_group_id` int(11) default NULL,
  `location_id` int(11) default NULL,
  `init_date` date default NULL,
  `start_date` date default NULL,
  `stop_date` date default NULL,
  `start_time` time default NULL,
  `stop_time` time default NULL,
  `created_at` datetime default NULL,
  `updated_at` datetime default NULL,
  `name` varchar(100) default NULL,
  `imei` varchar(20) NOT NULL default '',
  PRIMARY KEY  (`id`)
) ENGINE=InnoDB AUTO_INCREMENT=14 DEFAULT CHARSET=latin1;
/*!40101 SET character_set_client = @saved_cs_client */;

--
-- Dumping data for table `channels`
--

LOCK TABLES `channels` WRITE;
/*!40000 ALTER TABLE `channels` DISABLE KEYS */;
INSERT INTO `channels` VALUES (1,3,1,1,NULL,NULL,NULL,NULL,NULL,NULL,NULL,NULL,'modem2',''),(3,7,3,1,NULL,NULL,NULL,NULL,NULL,NULL,NULL,NULL,'204027',''),(4,8,1,1,NULL,NULL,NULL,NULL,NULL,NULL,NULL,NULL,'11112',''),(5,9,1,1,1,'2012-09-08','2012-09-08','2012-09-22','19:50:00','19:50:00',NULL,'2012-09-08 19:50:38','204018',''),(6,10,1,1,1,'2012-09-01','2012-09-01','2012-09-15','08:25:00','22:44:00','2012-09-01 06:45:36','2012-09-01 06:45:36','80935070663',''),(7,13,1,1,2,'2012-09-08','2012-09-08','2012-09-25','19:09:00','19:09:00','2012-09-08 19:10:55','2012-09-08 19:35:59',NULL,'0987654321'),(8,14,1,3,1,'2012-09-13','2012-09-13','2012-09-27','08:58:00','08:58:00',NULL,'2012-09-13 08:59:27',NULL,''),(9,15,1,3,1,'2012-09-13','2012-09-13','2012-09-27','08:22:00','08:22:00','2012-09-13 08:22:39','2012-09-13 08:35:28',NULL,''),(10,16,1,1,10,'2012-09-14','2012-09-14','2012-09-28','11:02:00','11:02:00','2012-09-14 11:02:48','2012-09-14 11:02:48',NULL,'0987654'),(12,18,1,2,14,'2012-09-14','2012-09-14','2012-09-28','11:07:00','11:07:00','2012-09-14 11:07:48','2012-09-14 11:07:48',NULL,'09764'),(13,19,1,123,9,'2012-09-14','2012-09-14','2012-09-28','13:18:00','13:18:00','2012-09-14 13:18:36','2012-09-14 13:18:36',NULL,'23452345');
/*!40000 ALTER TABLE `channels` ENABLE KEYS */;
UNLOCK TABLES;

--
-- Table structure for table `codecs`
--

DROP TABLE IF EXISTS `codecs`;
/*!40101 SET @saved_cs_client     = @@character_set_client */;
/*!40101 SET character_set_client = utf8 */;
CREATE TABLE `codecs` (
  `id` int(11) NOT NULL auto_increment,
  `codec_name` varchar(40) default NULL,
  `description` varchar(100) default NULL,
  PRIMARY KEY  (`id`)
) ENGINE=InnoDB AUTO_INCREMENT=6 DEFAULT CHARSET=latin1;
/*!40101 SET character_set_client = @saved_cs_client */;

--
-- Dumping data for table `codecs`
--

LOCK TABLES `codecs` WRITE;
/*!40000 ALTER TABLE `codecs` DISABLE KEYS */;
INSERT INTO `codecs` VALUES (1,'gsm',' GSM - 28kbits traffic'),(2,'ulaw',' ulaw/g711u- 80kbits traffic'),(3,'alaw',' alaw/g711a- 80kbits traffic'),(4,'ilbc',' ilbc- 30kbits traffic'),(5,'g726',' g726- 47kbits traffic');
/*!40000 ALTER TABLE `codecs` ENABLE KEYS */;
UNLOCK TABLES;

--
-- Table structure for table `locations`
--

DROP TABLE IF EXISTS `locations`;
/*!40101 SET @saved_cs_client     = @@character_set_client */;
/*!40101 SET character_set_client = utf8 */;
CREATE TABLE `locations` (
  `id` int(11) NOT NULL auto_increment,
  `name` varchar(255) default NULL,
  `order` int(11) default NULL,
  `user_id` int(11) default NULL,
  `created_at` datetime NOT NULL,
  `updated_at` datetime NOT NULL,
  PRIMARY KEY  (`id`),
  KEY `index_locations_on_user_id` (`user_id`)
) ENGINE=InnoDB AUTO_INCREMENT=15 DEFAULT CHARSET=latin1;
/*!40101 SET character_set_client = @saved_cs_client */;

--
-- Dumping data for table `locations`
--

LOCK TABLES `locations` WRITE;
/*!40000 ALTER TABLE `locations` DISABLE KEYS */;
INSERT INTO `locations` VALUES (1,'Home',NULL,3,'2012-09-01 06:42:18','2012-09-01 06:42:18'),(2,'Home',NULL,4,'2012-09-01 08:25:35','2012-09-01 08:25:35'),(6,'Home',NULL,5,'2012-09-02 05:36:34','2012-09-02 05:36:34'),(8,'new 1',NULL,3,'2012-09-08 18:07:30','2012-09-08 18:07:30'),(9,'test1',NULL,3,'2012-09-08 18:19:09','2012-09-08 18:19:09'),(10,'To4ka2',NULL,4,'2012-09-08 19:38:59','2012-09-08 19:38:59'),(13,'Home',NULL,7,'2012-09-14 07:36:27','2012-09-14 07:36:27'),(14,'wow',NULL,4,'2012-09-14 11:07:18','2012-09-14 11:07:18');
/*!40000 ALTER TABLE `locations` ENABLE KEYS */;
UNLOCK TABLES;

--
-- Table structure for table `prefix_groups`
--

DROP TABLE IF EXISTS `prefix_groups`;
/*!40101 SET @saved_cs_client     = @@character_set_client */;
/*!40101 SET character_set_client = utf8 */;
CREATE TABLE `prefix_groups` (
  `id` int(11) NOT NULL auto_increment,
  `group_name` varchar(255) default NULL,
  `def_rate` decimal(10,4) default NULL,
  `def_init_charge` decimal(10,4) default NULL,
  `def_minutes_per_day` int(11) default NULL,
  `color` varchar(255) NOT NULL default '',
  PRIMARY KEY  (`id`)
) ENGINE=InnoDB AUTO_INCREMENT=7 DEFAULT CHARSET=latin1;
/*!40101 SET character_set_client = @saved_cs_client */;

--
-- Dumping data for table `prefix_groups`
--

LOCK TABLES `prefix_groups` WRITE;
/*!40000 ALTER TABLE `prefix_groups` DISABLE KEYS */;
INSERT INTO `prefix_groups` VALUES (1,'MTS',22.0000,2.0000,2,'#e30052'),(2,'KS',33.0000,33.0000,3,'#0055fa'),(3,'Life',1.0000,1.0000,1,'#ff0000'),(4,'3mob',1.0000,1.0000,1,'#007830'),(5,'Ukraine Fix',1.0000,1.0000,1,'#19b300'),(6,'kuku!',2.0000,2.0000,2,'#ff9900');
/*!40000 ALTER TABLE `prefix_groups` ENABLE KEYS */;
UNLOCK TABLES;

--
-- Table structure for table `prefixes`
--

DROP TABLE IF EXISTS `prefixes`;
/*!40101 SET @saved_cs_client     = @@character_set_client */;
/*!40101 SET character_set_client = utf8 */;
CREATE TABLE `prefixes` (
  `id` int(11) NOT NULL auto_increment,
  `prefix_group_id` int(11) default NULL,
  `prefix` varchar(200) default NULL,
  PRIMARY KEY  (`id`)
) ENGINE=InnoDB AUTO_INCREMENT=13 DEFAULT CHARSET=latin1;
/*!40101 SET character_set_client = @saved_cs_client */;

--
-- Dumping data for table `prefixes`
--

LOCK TABLES `prefixes` WRITE;
/*!40000 ALTER TABLE `prefixes` DISABLE KEYS */;
INSERT INTO `prefixes` VALUES (1,1,'050'),(2,1,'095'),(3,2,'067'),(4,2,'097'),(5,3,'093'),(6,2,'098'),(7,6,'101'),(8,6,'111'),(9,6,'112'),(10,6,'477'),(11,6,'466'),(12,6,'460');
/*!40000 ALTER TABLE `prefixes` ENABLE KEYS */;
UNLOCK TABLES;

--
-- Table structure for table `roles`
--

DROP TABLE IF EXISTS `roles`;
/*!40101 SET @saved_cs_client     = @@character_set_client */;
/*!40101 SET character_set_client = utf8 */;
CREATE TABLE `roles` (
  `id` int(11) NOT NULL auto_increment,
  `name` varchar(255) default NULL,
  `resource_id` int(11) default NULL,
  `resource_type` varchar(255) default NULL,
  `created_at` datetime NOT NULL,
  `updated_at` datetime NOT NULL,
  PRIMARY KEY  (`id`),
  KEY `index_roles_on_name` (`name`),
  KEY `index_roles_on_name_and_resource_type_and_resource_id` (`name`,`resource_type`,`resource_id`)
) ENGINE=InnoDB AUTO_INCREMENT=4 DEFAULT CHARSET=latin1;
/*!40101 SET character_set_client = @saved_cs_client */;

--
-- Dumping data for table `roles`
--

LOCK TABLES `roles` WRITE;
/*!40000 ALTER TABLE `roles` DISABLE KEYS */;
INSERT INTO `roles` VALUES (1,'admin',NULL,NULL,'2012-09-01 06:43:31','2012-09-01 06:43:31'),(2,'user',NULL,NULL,'2012-09-02 05:36:34','2012-09-02 05:36:34'),(3,'provider',NULL,NULL,'2012-09-02 12:49:40','2012-09-02 12:49:40');
/*!40000 ALTER TABLE `roles` ENABLE KEYS */;
UNLOCK TABLES;

--
-- Table structure for table `schema_migrations`
--

DROP TABLE IF EXISTS `schema_migrations`;
/*!40101 SET @saved_cs_client     = @@character_set_client */;
/*!40101 SET character_set_client = utf8 */;
CREATE TABLE `schema_migrations` (
  `version` varchar(255) NOT NULL,
  UNIQUE KEY `unique_schema_migrations` (`version`)
) ENGINE=InnoDB DEFAULT CHARSET=latin1;
/*!40101 SET character_set_client = @saved_cs_client */;

--
-- Dumping data for table `schema_migrations`
--

LOCK TABLES `schema_migrations` WRITE;
/*!40000 ALTER TABLE `schema_migrations` DISABLE KEYS */;
INSERT INTO `schema_migrations` VALUES ('20120801033000'),('20120801034358'),('20120801034405'),('20120801034413'),('20120801034447'),('20120802123534'),('20120823112629'),('20120823120033'),('20120823121007'),('20120823121302'),('20120823192306'),('20120823193002'),('20120824072435'),('20120828124559'),('20120908052347'),('20120914144238');
/*!40000 ALTER TABLE `schema_migrations` ENABLE KEYS */;
UNLOCK TABLES;

--
-- Table structure for table `sip`
--

DROP TABLE IF EXISTS `sip`;
/*!40101 SET @saved_cs_client     = @@character_set_client */;
/*!40101 SET character_set_client = utf8 */;
CREATE TABLE `sip` (
  `id` int(11) NOT NULL auto_increment,
  `user_id` int(11) NOT NULL,
  `name` varchar(80) NOT NULL,
  `host` varchar(31) NOT NULL default 'dynamic',
  `nat` varchar(5) NOT NULL default 'yes',
  `type` varchar(20) NOT NULL default 'friend',
  `accountcode` varchar(20) default NULL,
  `amaflags` varchar(13) default NULL,
  `call-limit` smallint(6) default NULL,
  `callgroup` varchar(10) default NULL,
  `callerid` varchar(80) default NULL,
  `cancallforward` varchar(3) default 'yes',
  `canreinvite` varchar(3) default 'yes',
  `context` varchar(80) default NULL,
  `defaultip` varchar(15) default NULL,
  `dtmfmode` varchar(7) default NULL,
  `fromuser` varchar(80) default NULL,
  `fromdomain` varchar(80) default NULL,
  `insecure` varchar(15) default NULL,
  `language` varchar(2) default NULL,
  `mailbox` varchar(50) default NULL,
  `md5secret` varchar(80) default NULL,
  `deny` varchar(95) default NULL,
  `permit` varchar(95) default NULL,
  `mask` varchar(95) default NULL,
  `musiconhold` varchar(100) default NULL,
  `pickupgroup` varchar(10) default NULL,
  `qualify` varchar(3) default NULL,
  `regexten` varchar(80) default NULL,
  `restrictcid` varchar(25) default NULL,
  `rtptimeout` varchar(3) default NULL,
  `rtpholdtimeout` varchar(3) default NULL,
  `secret` varchar(80) default NULL,
  `setvar` varchar(100) default NULL,
  `disallow` varchar(100) default 'all',
  `allow` varchar(100) default 'ulaw;alaw;gsm;',
  `fullcontact` varchar(80) NOT NULL,
  `ipaddr` varchar(45) NOT NULL,
  `port` smallint(5) unsigned NOT NULL default '0',
  `regserver` varchar(100) default NULL,
  `regseconds` int(11) NOT NULL default '0',
  `lastms` int(11) NOT NULL default '0',
  `username` varchar(80) NOT NULL,
  `defaultuser` varchar(80) NOT NULL,
  `subscribecontext` varchar(80) default NULL,
  `useragent` varchar(33) default NULL,
  `authuser` varchar(25) default NULL,
  `commented` int(11) default NULL,
  PRIMARY KEY  (`id`),
  KEY `user_id` (`user_id`)
) ENGINE=InnoDB AUTO_INCREMENT=20 DEFAULT CHARSET=latin1;
/*!40101 SET character_set_client = @saved_cs_client */;

--
-- Dumping data for table `sip`
--

LOCK TABLES `sip` WRITE;
/*!40000 ALTER TABLE `sip` DISABLE KEYS */;
INSERT INTO `sip` VALUES (1,0,'modem2','dynamic','yes','friend',NULL,NULL,NULL,NULL,'modem2','yes','yes',NULL,NULL,NULL,NULL,NULL,NULL,NULL,NULL,NULL,NULL,NULL,NULL,NULL,NULL,'yes',NULL,NULL,NULL,NULL,'12345',NULL,'all','ulaw;alaw;gsm;','','',0,'',0,0,'modem2','',NULL,'',NULL,NULL),(2,0,'modem2','dynamic','yes','friend',NULL,NULL,NULL,NULL,'modem2','yes','yes',NULL,NULL,NULL,NULL,NULL,NULL,NULL,NULL,NULL,NULL,NULL,NULL,NULL,NULL,'yes',NULL,NULL,NULL,NULL,'12345',NULL,'all','ulaw;alaw;gsm;','','',0,'',0,0,'modem2','',NULL,'',NULL,NULL),(3,0,'modem2','dynamic','yes','friend',NULL,NULL,NULL,NULL,'modem2','yes','yes',NULL,NULL,NULL,NULL,NULL,NULL,NULL,NULL,NULL,NULL,NULL,NULL,NULL,NULL,'yes',NULL,NULL,NULL,NULL,'12345',NULL,'all','ulaw;alaw;gsm;','','',0,'',0,0,'modem2','',NULL,'',NULL,NULL),(6,1,'gw','46.211.121.221','yes','user','1',NULL,33,NULL,'gw','yes','yes',NULL,NULL,NULL,NULL,NULL,NULL,NULL,NULL,NULL,NULL,NULL,NULL,NULL,NULL,'yes',NULL,NULL,NULL,NULL,NULL,NULL,'all','ulaw;alaw;','','',23530,NULL,0,0,'','',NULL,NULL,NULL,NULL),(7,204027,'204027','dynamic','yes','friend',NULL,NULL,NULL,NULL,'204027','yes','yes',NULL,NULL,NULL,NULL,NULL,NULL,NULL,NULL,NULL,NULL,NULL,NULL,NULL,NULL,'yes',NULL,NULL,NULL,NULL,'max1',NULL,'all','ulaw;alaw;gsm;','sip:204027@178.137.154.210:7072','',0,NULL,1346359503,190,'204027','',NULL,'Oktell',NULL,NULL),(8,1111,'11112','dynamic','yes','friend',NULL,NULL,NULL,NULL,'11112','yes','yes',NULL,NULL,NULL,NULL,NULL,NULL,NULL,NULL,NULL,NULL,NULL,NULL,NULL,NULL,'yes',NULL,NULL,NULL,NULL,'3333',NULL,'all','ulaw;alaw;gsm;','','',0,NULL,0,0,'','',NULL,NULL,NULL,NULL),(9,204018,'204018','dynamic','yes','friend',NULL,NULL,NULL,NULL,'204018','yes','yes',NULL,NULL,NULL,NULL,NULL,NULL,NULL,NULL,NULL,NULL,NULL,NULL,NULL,NULL,'yes',NULL,NULL,NULL,NULL,'bo4',NULL,'all','ulaw;alaw;gsm;','sip:204018@213.231.31.94:7074','',0,'',1347539729,45,'204018','',NULL,'Oktell',NULL,NULL),(10,3,'80935070663','dynamic','yes','friend',NULL,NULL,NULL,NULL,'80935070663','yes','yes',NULL,NULL,NULL,NULL,NULL,NULL,NULL,NULL,NULL,NULL,NULL,NULL,NULL,NULL,'yes',NULL,NULL,NULL,NULL,'myphone',NULL,'all','ulaw;alaw;gsm;','','',0,NULL,0,0,'','',NULL,NULL,NULL,NULL),(11,1,'test','85.238.97.154','yes','user','1',NULL,100,NULL,'test','yes','yes',NULL,NULL,NULL,NULL,NULL,NULL,NULL,NULL,NULL,NULL,NULL,NULL,NULL,NULL,'yes',NULL,NULL,NULL,NULL,NULL,NULL,'all','ulaw;alaw;gsm;','','',5060,NULL,0,0,'','',NULL,NULL,NULL,NULL),(13,4,'970768797','dynamic','yes','friend',NULL,NULL,NULL,NULL,'22','yes','yes',NULL,NULL,NULL,NULL,NULL,NULL,NULL,NULL,NULL,NULL,NULL,NULL,NULL,NULL,'yes',NULL,NULL,NULL,NULL,'11',NULL,'all','ulaw;alaw;gsm;','','',0,NULL,0,0,'','',NULL,NULL,NULL,NULL),(14,204033,'204033','dynamic','yes','friend',NULL,NULL,NULL,NULL,'204033','yes','yes',NULL,NULL,NULL,NULL,NULL,NULL,NULL,NULL,NULL,NULL,NULL,NULL,NULL,NULL,'yes',NULL,NULL,NULL,NULL,'xex',NULL,'all','ulaw;alaw;gsm;','sip:204033@178.137.159.239:5071','178.137.159.239',5071,'',1347655328,73,'204033','',NULL,'dble',NULL,NULL),(15,3,'204002','dynamic','yes','friend',NULL,NULL,NULL,NULL,'34563456','yes','yes',NULL,NULL,NULL,NULL,NULL,NULL,NULL,NULL,NULL,NULL,NULL,NULL,NULL,NULL,NULL,NULL,NULL,NULL,NULL,'test11',NULL,'all','ulaw;alaw;gsm;','sip:204002@192.168.1.101:7072','',0,'',1347539019,49,'204002','',NULL,'Oktell',NULL,NULL),(16,4,'7','dynamic','yes','friend',NULL,NULL,NULL,NULL,'7','yes','yes',NULL,NULL,NULL,NULL,NULL,NULL,NULL,NULL,NULL,NULL,NULL,NULL,NULL,NULL,NULL,NULL,NULL,NULL,NULL,'7',NULL,'all','ulaw;alaw;gsm;','','',0,NULL,0,0,'','',NULL,NULL,NULL,NULL),(18,4,'0989654','dynamic','yes','friend',NULL,NULL,NULL,NULL,'0989654','yes','yes',NULL,NULL,NULL,NULL,NULL,NULL,NULL,NULL,NULL,NULL,NULL,NULL,NULL,NULL,NULL,NULL,NULL,NULL,NULL,'987854',NULL,'all','ulaw;alaw;gsm;','','',0,NULL,0,0,'','',NULL,NULL,NULL,NULL),(19,3,'12341234','dynamic','yes','friend',NULL,NULL,NULL,NULL,'12341234','yes','yes',NULL,NULL,NULL,NULL,NULL,NULL,NULL,NULL,NULL,NULL,NULL,NULL,NULL,NULL,NULL,NULL,NULL,NULL,NULL,'1234',NULL,'all','ulaw;alaw;gsm;','','',0,NULL,0,0,'','',NULL,NULL,NULL,NULL);
/*!40000 ALTER TABLE `sip` ENABLE KEYS */;
UNLOCK TABLES;

--
-- Table structure for table `sip_conf`
--

DROP TABLE IF EXISTS `sip_conf`;
/*!40101 SET @saved_cs_client     = @@character_set_client */;
/*!40101 SET character_set_client = utf8 */;
CREATE TABLE `sip_conf` (
  `id` int(11) NOT NULL auto_increment,
  `cat_metric` int(11) NOT NULL default '0',
  `var_metric` int(11) NOT NULL default '0',
  `filename` varchar(128) default 'sip.conf',
  `category` varchar(128) default 'general',
  `var_name` varchar(128) NOT NULL,
  `var_val` varchar(128) NOT NULL,
  `commented` smallint(6) NOT NULL default '0',
  `description` varchar(255) default NULL,
  PRIMARY KEY  (`id`),
  UNIQUE KEY `id` (`id`)
) ENGINE=InnoDB AUTO_INCREMENT=126 DEFAULT CHARSET=latin1;
/*!40101 SET character_set_client = @saved_cs_client */;

--
-- Dumping data for table `sip_conf`
--

LOCK TABLES `sip_conf` WRITE;
/*!40000 ALTER TABLE `sip_conf` DISABLE KEYS */;
INSERT INTO `sip_conf` VALUES (1,0,1,'sip.conf','general','allowguest','yes',0,'    '),(122,0,3,'sip.conf','general','rtcachefriends','yes',0,' we'),(123,0,4,'sip.conf','general','qualify','yes',0,'wew'),(124,0,5,'sip.conf','general','domain','asteriska.co.cc,asteriska',1,''),(125,0,6,'sip.conf','general','insecure','very',0,'sds');
/*!40000 ALTER TABLE `sip_conf` ENABLE KEYS */;
UNLOCK TABLES;

--
-- Table structure for table `user_prefix_groups`
--

DROP TABLE IF EXISTS `user_prefix_groups`;
/*!40101 SET @saved_cs_client     = @@character_set_client */;
/*!40101 SET character_set_client = utf8 */;
CREATE TABLE `user_prefix_groups` (
  `id` int(11) NOT NULL auto_increment,
  `user_id` int(11) default NULL,
  `prefix_group_id` int(11) default NULL,
  `allowed_minutes` int(11) default NULL,
  `init_date` date default NULL,
  `rate` varchar(255) default NULL,
  `init_charge` int(11) default NULL,
  PRIMARY KEY  (`id`)
) ENGINE=InnoDB AUTO_INCREMENT=6 DEFAULT CHARSET=latin1;
/*!40101 SET character_set_client = @saved_cs_client */;

--
-- Dumping data for table `user_prefix_groups`
--

LOCK TABLES `user_prefix_groups` WRITE;
/*!40000 ALTER TABLE `user_prefix_groups` DISABLE KEYS */;
INSERT INTO `user_prefix_groups` VALUES (1,6,2,2147483647,'2012-09-02','07',3),(2,6,1,0,'2012-09-02','0',NULL),(3,1,1,0,'2012-09-09','22.0000',0),(4,1,2,0,'2012-09-09','33.0000',0),(5,1,3,0,'2012-09-09','1.0000',0);
/*!40000 ALTER TABLE `user_prefix_groups` ENABLE KEYS */;
UNLOCK TABLES;

--
-- Table structure for table `users`
--

DROP TABLE IF EXISTS `users`;
/*!40101 SET @saved_cs_client     = @@character_set_client */;
/*!40101 SET character_set_client = utf8 */;
CREATE TABLE `users` (
  `id` int(11) NOT NULL auto_increment,
  `login` varchar(15) default NULL,
  `password` varchar(15) default NULL,
  `company` varchar(100) default 'Private',
  `company_logo` varchar(100) default '/img/bird.gif',
  `application_name` varchar(100) default 'Telefony',
  `last_login` datetime default NULL,
  `email` varchar(60) default NULL,
  `role_id` int(11) default NULL,
  `encrypted_password` varchar(255) default '',
  `name` varchar(255) NOT NULL default '',
  `reset_password_token` varchar(255) default NULL,
  `reset_password_sent_at` datetime default NULL,
  `remember_created_at` datetime default NULL,
  `sign_in_count` int(11) default '0',
  `current_sign_in_at` datetime default NULL,
  `last_sign_in_at` datetime default NULL,
  `current_sign_in_ip` varchar(255) default NULL,
  `last_sign_in_ip` varchar(255) default NULL,
  `created_at` datetime default NULL,
  `updated_at` datetime default NULL,
  `confirmation_token` varchar(255) default NULL,
  `confirmed_at` datetime default NULL,
  `confirmation_sent_at` datetime default NULL,
  `unconfirmed_email` varchar(255) default NULL,
  `invitation_token` varchar(60) default NULL,
  `invitation_sent_at` datetime default NULL,
  `invitation_accepted_at` datetime default NULL,
  `invitation_limit` int(11) NOT NULL default '3',
  `invited_by_id` int(11) default NULL,
  `invited_by_type` varchar(255) default NULL,
  PRIMARY KEY  (`id`),
  UNIQUE KEY `index_users_on_email` (`email`),
  UNIQUE KEY `index_users_on_reset_password_token` (`reset_password_token`),
  KEY `index_users_on_invitation_token` (`invitation_token`),
  KEY `index_users_on_invited_by_id` (`invited_by_id`)
) ENGINE=InnoDB AUTO_INCREMENT=8 DEFAULT CHARSET=latin1;
/*!40101 SET character_set_client = @saved_cs_client */;

--
-- Dumping data for table `users`
--

LOCK TABLES `users` WRITE;
/*!40000 ALTER TABLE `users` DISABLE KEYS */;
INSERT INTO `users` VALUES (1,'eeee','d2f2297d6e829cd','eee','/img/bird.gif','',NULL,'',2,'','',NULL,NULL,NULL,0,NULL,NULL,NULL,NULL,NULL,NULL,NULL,NULL,NULL,NULL,NULL,NULL,NULL,3,NULL,NULL),(2,'admin','202cb962ac59075','admin','/img/bird.gif','dd','2012-09-13 14:46:53','ee',2,'ee','',NULL,NULL,NULL,0,NULL,NULL,NULL,NULL,NULL,NULL,NULL,NULL,NULL,NULL,NULL,NULL,NULL,3,NULL,NULL),(3,NULL,NULL,'Private','/img/bird.gif','Telefony',NULL,'rebisall@gmail.com',NULL,'$2a$10$m0Hz2gVUm4B/FQuLxLEQvOjZ9jAUvvUtI3Bh.IUy8YFrCNH.mEnIa','Voloshin Ruslan',NULL,NULL,NULL,16,'2012-09-14 20:01:23','2012-09-14 14:22:43','178.137.159.239','127.0.0.1','2012-09-01 06:36:00','2012-09-14 20:01:23','jwpycrMKiotJfqXz3hKn','2012-09-01 06:41:54','2012-09-01 06:36:00',NULL,NULL,NULL,NULL,100,NULL,NULL),(4,NULL,NULL,'Private','/img/bird.gif','Telefony',NULL,'test-user@gmail.com',NULL,'$2a$10$W/zxwbAi1yhJcmZO8Jt3SuIUhBHYcYO7r.euaUcKmi7suNZ2quRhm','test-user',NULL,NULL,NULL,11,'2012-09-14 10:58:00','2012-09-13 19:27:48','178.137.159.239','178.137.159.239','2012-09-01 08:24:01','2012-09-14 20:01:13','tZqKqz5QcpzvRkyxbUpC','2012-09-01 08:25:16','2012-09-01 08:24:01',NULL,NULL,NULL,NULL,3,NULL,NULL),(5,NULL,NULL,'Private','/img/bird.gif','Telefony',NULL,'chaun_ivan@mail.ru',NULL,'$2a$10$U/avWY3ucsxajw1gnzQ1L.Fam2SZvYlnZ.zlXl03QdQGO3w55nq6.','Ivan',NULL,NULL,NULL,0,NULL,NULL,NULL,NULL,'2012-09-02 05:36:29','2012-09-02 05:37:57','t8zkXwNosQWwszdUJ6FT',NULL,'2012-09-02 05:36:29',NULL,NULL,NULL,NULL,3,NULL,NULL),(6,NULL,NULL,'Private','/img/bird.gif','Telefony',NULL,'rovex@a.com',NULL,'$2a$10$ZfoWQGYLh6Cu.GebAfJZY.9B8ecZdOAA0sjKZ.CqA8iWgcJYs/CiS','Rovex',NULL,NULL,NULL,0,NULL,NULL,NULL,NULL,'2012-09-02 12:49:36','2012-09-02 12:49:36','myNwSvpuiPAr7t5pLznh',NULL,'2012-09-02 12:49:36',NULL,NULL,NULL,NULL,3,NULL,NULL),(7,NULL,NULL,'Private','/img/bird.gif','Telefony',NULL,'sherstyukroman@gmail.com',NULL,'$2a$10$i1sbQs1e6vLLSn..HPKh3epvXSCY85aSHO5EwC1MFPHbXOEoGlaDK','Roman',NULL,NULL,NULL,0,NULL,NULL,NULL,NULL,'2012-09-14 07:36:26','2012-09-14 07:37:59','dHmeoB4SngJ7ibjY5dyi',NULL,'2012-09-14 07:36:26',NULL,NULL,NULL,NULL,3,NULL,NULL);
/*!40000 ALTER TABLE `users` ENABLE KEYS */;
UNLOCK TABLES;

--
-- Table structure for table `users_roles`
--

DROP TABLE IF EXISTS `users_roles`;
/*!40101 SET @saved_cs_client     = @@character_set_client */;
/*!40101 SET character_set_client = utf8 */;
CREATE TABLE `users_roles` (
  `user_id` int(11) default NULL,
  `role_id` int(11) default NULL,
  KEY `index_users_roles_on_user_id_and_role_id` (`user_id`,`role_id`)
) ENGINE=InnoDB DEFAULT CHARSET=latin1;
/*!40101 SET character_set_client = @saved_cs_client */;

--
-- Dumping data for table `users_roles`
--

LOCK TABLES `users_roles` WRITE;
/*!40000 ALTER TABLE `users_roles` DISABLE KEYS */;
INSERT INTO `users_roles` VALUES (3,1),(5,2),(6,3),(7,2);
/*!40000 ALTER TABLE `users_roles` ENABLE KEYS */;
UNLOCK TABLES;

--
-- Table structure for table `vatson_regmonitor`
--

DROP TABLE IF EXISTS `vatson_regmonitor`;
/*!40101 SET @saved_cs_client     = @@character_set_client */;
/*!40101 SET character_set_client = utf8 */;
CREATE TABLE `vatson_regmonitor` (
  `host` varchar(200) default NULL,
  `username` varchar(50) default NULL,
  `status` varchar(20) default NULL,
  `regtime` datetime NOT NULL,
  `mail_sent_time` datetime NOT NULL
) ENGINE=InnoDB DEFAULT CHARSET=latin1;
/*!40101 SET character_set_client = @saved_cs_client */;

--
-- Dumping data for table `vatson_regmonitor`
--

LOCK TABLES `vatson_regmonitor` WRITE;
/*!40000 ALTER TABLE `vatson_regmonitor` DISABLE KEYS */;
/*!40000 ALTER TABLE `vatson_regmonitor` ENABLE KEYS */;
UNLOCK TABLES;

--
-- Table structure for table `vatson_regmonitor_tmp`
--

DROP TABLE IF EXISTS `vatson_regmonitor_tmp`;
/*!40101 SET @saved_cs_client     = @@character_set_client */;
/*!40101 SET character_set_client = utf8 */;
CREATE TABLE `vatson_regmonitor_tmp` (
  `host` varchar(200) default NULL,
  `username` varchar(50) default NULL,
  `status` varchar(20) default NULL,
  `regtime` datetime default NULL,
  `mail_sent_time` datetime NOT NULL
) ENGINE=InnoDB DEFAULT CHARSET=latin1;
/*!40101 SET character_set_client = @saved_cs_client */;

--
-- Dumping data for table `vatson_regmonitor_tmp`
--

LOCK TABLES `vatson_regmonitor_tmp` WRITE;
/*!40000 ALTER TABLE `vatson_regmonitor_tmp` DISABLE KEYS */;
/*!40000 ALTER TABLE `vatson_regmonitor_tmp` ENABLE KEYS */;
UNLOCK TABLES;

--
-- Table structure for table `vatson_settings`
--

DROP TABLE IF EXISTS `vatson_settings`;
/*!40101 SET @saved_cs_client     = @@character_set_client */;
/*!40101 SET character_set_client = utf8 */;
CREATE TABLE `vatson_settings` (
  `id` int(11) NOT NULL auto_increment,
  `amanager_login` varchar(50) default NULL,
  `amanager_password` varchar(50) default NULL,
  `amanager_host` varchar(60) default NULL,
  `show_sip_reg_in_settings` int(11) default '1',
  `show_sip_line_status` int(11) default '0',
  PRIMARY KEY  (`id`)
) ENGINE=InnoDB AUTO_INCREMENT=2 DEFAULT CHARSET=latin1;
/*!40101 SET character_set_client = @saved_cs_client */;

--
-- Dumping data for table `vatson_settings`
--

LOCK TABLES `vatson_settings` WRITE;
/*!40000 ALTER TABLE `vatson_settings` DISABLE KEYS */;
INSERT INTO `vatson_settings` VALUES (1,'vatson','p@ssw0rd_protected','188.138.82.158:5083',1,0);
/*!40000 ALTER TABLE `vatson_settings` ENABLE KEYS */;
UNLOCK TABLES;
/*!40103 SET TIME_ZONE=@OLD_TIME_ZONE */;

/*!40101 SET SQL_MODE=@OLD_SQL_MODE */;
/*!40014 SET FOREIGN_KEY_CHECKS=@OLD_FOREIGN_KEY_CHECKS */;
/*!40014 SET UNIQUE_CHECKS=@OLD_UNIQUE_CHECKS */;
/*!40101 SET CHARACTER_SET_CLIENT=@OLD_CHARACTER_SET_CLIENT */;
/*!40101 SET CHARACTER_SET_RESULTS=@OLD_CHARACTER_SET_RESULTS */;
/*!40101 SET COLLATION_CONNECTION=@OLD_COLLATION_CONNECTION */;
/*!40111 SET SQL_NOTES=@OLD_SQL_NOTES */;

-- Dump completed on 2012-09-14 23:41:46
